-- phpMyAdmin SQL Dump
-- version 5.0.2
-- https://www.phpmyadmin.net/
--
-- Anamakine: 127.0.0.1
-- Üretim Zamanı: 18 Nis 2020, 02:08:18
-- Sunucu sürümü: 10.4.11-MariaDB
-- PHP Sürümü: 7.4.4

SET SQL_MODE = "NO_AUTO_VALUE_ON_ZERO";
START TRANSACTION;
SET time_zone = "+00:00";


/*!40101 SET @OLD_CHARACTER_SET_CLIENT=@@CHARACTER_SET_CLIENT */;
/*!40101 SET @OLD_CHARACTER_SET_RESULTS=@@CHARACTER_SET_RESULTS */;
/*!40101 SET @OLD_COLLATION_CONNECTION=@@COLLATION_CONNECTION */;
/*!40101 SET NAMES utf8mb4 */;

--
-- Veritabanı: `wos`
--

-- --------------------------------------------------------

--
-- Tablo için tablo yapısı `canli_destek`
--

CREATE TABLE `canli_destek` (
  `id` int(11) NOT NULL,
  `kullanici_adi` varchar(2000) COLLATE utf8mb4_turkish_ci NOT NULL,
  `kullanici_yazi` varchar(2000) COLLATE utf8mb4_turkish_ci NOT NULL,
  `tarih` datetime NOT NULL,
  `oturum` int(11) NOT NULL
) ENGINE=InnoDB DEFAULT CHARSET=utf8mb4 COLLATE=utf8mb4_turkish_ci;

--
-- Tablo döküm verisi `canli_destek`
--

INSERT INTO `canli_destek` (`id`, `kullanici_adi`, `kullanici_yazi`, `tarih`, `oturum`) VALUES
(203, 'enesdongez@gmail.com', 'asdasdasdasd', '2020-03-24 18:22:33', 1),
(204, 'enesdongez@gmail.com', 'asdasdasdasdasd', '2020-03-24 18:23:01', 1),
(205, 'a@a.a', 'asdasdasdasd', '2020-03-24 18:23:40', 12),
(206, 'enesdongez@gmail.com', 'MErhaba', '2020-03-24 18:28:36', 1),
(207, 'a@a.a', 'asasd', '2020-03-24 18:29:12', 12),
(208, 'a@a.a', 'adasdasdasdasd', '2020-03-24 18:30:05', 12),
(209, 'a@a.a', 'tyutytyu', '2020-03-24 18:30:11', 12),
(210, 'enesdongez@gmail.com', 'asdasasd', '2020-03-24 20:53:29', 1),
(211, 'a@a.a', 'asdasd', '2020-03-24 21:11:27', 12),
(212, 'enesdongez@gmail.com', 'asdasdasdasd', '2020-03-24 21:16:51', 1),
(213, 'enesdongez@gmail.com', 'denemeememe', '2020-03-24 21:44:12', 1),
(214, 'enesdongez@gmail.com', 'asdasdasd', '2020-03-24 22:18:38', 1),
(215, 'enesdongez@gmail.com', 'zsfsdf', '2020-03-24 22:22:29', 1),
(216, 'enes döngez', 'asdasdasdasdasd', '2020-03-24 22:28:15', 1),
(218, 'enes döngez', 'asdasdasdasd', '2020-03-24 23:42:32', 1),
(221, 'enes döngez', 'asdasdasd', '2020-03-25 00:28:58', 1),
(222, 'enes döngez', 'asdasdasd', '2020-03-25 00:54:09', 1),
(223, 'enes döngez', 'asdasdasd', '2020-03-25 00:54:13', 1),
(224, 'enes döngez', 'Merhabaaasdasdasd', '2020-03-26 23:03:49', 1),
(225, 'enes döngez', 'asdasdasd', '2020-03-27 00:42:46', 1),
(226, 'enes döngez', 'Merhaba', '2020-04-10 18:23:02', 1),
(227, 'enes döngez', 'MERhana', '2020-04-11 00:42:31', 1),
(228, 'enes döngez', 'kjnkjn', '2020-04-12 22:38:10', 1),
(229, 'enes döngez', 'asasdsd', '2020-04-18 02:03:08', 1),
(230, 'enes döngez', 'asasdasd', '2020-04-18 02:03:30', 1);

-- --------------------------------------------------------

--
-- Tablo için tablo yapısı `canli_destek_cevap`
--

CREATE TABLE `canli_destek_cevap` (
  `id` int(11) NOT NULL,
  `oturum` int(11) NOT NULL,
  `date` datetime NOT NULL,
  `cevap` varchar(2000) COLLATE utf8mb4_turkish_ci NOT NULL
) ENGINE=InnoDB DEFAULT CHARSET=utf8mb4 COLLATE=utf8mb4_turkish_ci;

--
-- Tablo döküm verisi `canli_destek_cevap`
--

INSERT INTO `canli_destek_cevap` (`id`, `oturum`, `date`, `cevap`) VALUES
(47, 1, '2020-03-24 18:22:56', 'asdasdasdasdas'),
(48, 1, '2020-03-24 20:54:03', 'asasdasd'),
(49, 1, '2020-03-26 23:04:07', 'asdasdasd'),
(50, 1, '2020-04-11 00:42:45', 'Nevarasd');

-- --------------------------------------------------------

--
-- Tablo için tablo yapısı `kompanentler`
--

CREATE TABLE `kompanentler` (
  `id` int(11) NOT NULL,
  `kompanent_icerik` varchar(2000) COLLATE utf8mb4_turkish_ci NOT NULL,
  `tur` varchar(2000) COLLATE utf8mb4_turkish_ci NOT NULL,
  `komp_ayar` varchar(2000) COLLATE utf8mb4_turkish_ci NOT NULL,
  `komp_kod` varchar(2000) COLLATE utf8mb4_turkish_ci NOT NULL,
  `komp_pic` varchar(200) COLLATE utf8mb4_turkish_ci NOT NULL,
  `komp_kod_editor` mediumtext COLLATE utf8mb4_turkish_ci NOT NULL
) ENGINE=InnoDB DEFAULT CHARSET=utf8mb4 COLLATE=utf8mb4_turkish_ci;

--
-- Tablo döküm verisi `kompanentler`
--

INSERT INTO `kompanentler` (`id`, `kompanent_icerik`, `tur`, `komp_ayar`, `komp_kod`, `komp_pic`, `komp_kod_editor`) VALUES
(2, 'Header1', 'header', '<form action=\"AYARheader1.php\" method=\"POST\" enctype=\"multipart/form-data\" >\r\n<table border=\"0\" class=\"ayar_table\">\r\n<tr>\r\n<td>Başlık Giriniz:</td>\r\n<td><input type=\"text\" class=\"ayar_textbox\" name=\"header1_yazi\"/></td>\r\n</tr>\r\n<tr>\r\n<td>Resim Seç:</td>\r\n<td><input type=\"file\" name=\"header1_resim\"/></td>\r\n</tr>\r\n<tr>\r\n<td>Arkaplan Renk:</td>\r\n<td><input class=\"jscolor\" name=\"header1_arkaplan\" value=\"ab2567\"></td>\r\n</tr>\r\n<tr>\r\n<td colspan=\"2\" style=\"\"><button name=\"sayfa_ekle\" class=\"ayar_button\">Ekle</button></td>\r\n</tr>\r\n</table>\r\n</form>', '<?php echo \'<div style=\"background-color:\'.$header1_arkaplan.\';\">\'; ?>\r\n<center>\r\n<table border=\"0px\" cellpadding=\"20\">\r\n<tr>\r\n<td>\r\n<center>\r\n<?php echo \'<img src=\"resimler/\'.$header1_resim.\'\" width=\"250px\" height=\"250px\" style=\"\"/>\'; ?>\r\n</center>\r\n</td></tr><tr>\r\n<td>\r\n<center>\r\n<?php echo \'<h1>\'.$header1_yazi.\'</h1>\'; ?>\r\n</center>\r\n</td>\r\n</tr>\r\n</table>\r\n</center>\r\n</div>', 'komp/header1.png', ''),
(3, 'Header2', 'header', '<form action=\"AYARheader2.php\" method=\"POST\" enctype=\"multipart/form-data\" > \r\n<table class=\"ayar_table\"><tr>\r\n<td>Başlık:</td>\r\n<td><input type=\"text\" class=\"ayar_textbox\" name=\"header2_yazi4\"/></td>\r\n</tr>\r\n<tr>\r\n<td>Link1:</td>\r\n<td><input type=\"text\" class=\"ayar_textbox\" name=\"header2_yazi\"/></td>\r\n</tr>\r\n<tr>\r\n<td>Link2:</td>\r\n<td><input type=\"text\" class=\"ayar_textbox\" name=\"header2_yazi2\"/></td>\r\n</tr>\r\n<tr>\r\n<td>Link3:</td>\r\n<td> <input type=\"text\" class=\"ayar_textbox\" name=\"header2_yazi3\"/></td>\r\n</tr>\r\n<tr>\r\n<td>Arkaplan:</td>\r\n<td><input class=\"jscolor\" name=\"header2_arkaplan\" value=\"ab2567\"></td>\r\n</tr>\r\n<tr>\r\n<td>Resim Seç:</td>\r\n<td><input type=\"file\" name=\"header2_resim\"/></td>\r\n</tr>\r\n<tr>\r\n<td colspan=\"2\"><button name=\"sayfa_ekle\" class=\"ayar_button\">Ekle</button></td>\r\n</tr>\r\n</table>\r\n</form>', '<?php echo \'<div style=\"background-color:\'.$header2_arkaplan.\';\">\'; ?>\r\n<center>\r\n<table border=\"0px\" cellpadding=\"20\">\r\n<td> <?php echo \'<a href=\"?sayfa=content\"><img src=\"resimler/\'.$header2_resim.\'\" width=\"250px\" height=\"250px\" style=\"\"/></a>\'; ?>   </td>\r\n<td> <?php echo \'<h3>\'.$header2_yazi4.\'</h3>\'; ?> </td>\r\n<td> </td>\r\n<td> </td>\r\n<td> <?php echo \'<h3><a href=\"?sayfa=\'.$header2_yazi.\'\" style=\"text-decoration:none; color:white; border:1px solid black; padding:10;\">\'.$header2_yazi.\'</a></h3>\'; ?>   </td>\r\n<td> <?php echo \'<h3><a href=\"?sayfa=\'.$header2_yazi2.\'\" style=\"text-decoration:none; color:white; border:1px solid black; padding:10;\">\'.$header2_yazi2.\'</a></h3>\'; ?>   </td>\r\n<td> <?php echo \'<h3><a href=\"?sayfa=\'.$header2_yazi3.\'\" style=\"text-decoration:none; color:white; border:1px solid black; padding:10;\">\'.$header2_yazi3.\'</a></h3>\'; ?>   </td>\r\n</table>\r\n</center>\r\n</div>', 'komp/header2.png', ''),
(4, 'Header3', 'header', '<form action=\"AYARheader3.php\" method=\"POST\" enctype=\"multipart/form-data\" >\r\n<table class=\"ayar_table\">\r\n<tr>\r\n<td>Link1:</td>\r\n<td><input type=\"text\" class=\"ayar_textbox\" name=\"header3_yazi\"/></td>\r\n</tr>\r\n<tr>\r\n<td>Link2:</td>\r\n<td><input type=\"text\"  class=\"ayar_textbox\"name=\"header3_yazi2\"/></td>\r\n</tr>\r\n<tr>\r\n<td>Link3:</td>\r\n<td><input type=\"text\" class=\"ayar_textbox\" name=\"header3_yazi3\"/></td>\r\n</tr>\r\n<tr>\r\n<td>Link4:</td>\r\n<td><input type=\"text\" class=\"ayar_textbox\" name=\"header3_yazi4\"/></td>\r\n</tr>\r\n<tr>\r\n<td>Link5:</td>\r\n<td><input type=\"text\" class=\"ayar_textbox\" name=\"header3_yazi5\"/></td>\r\n</tr>\r\n<tr>\r\n<td>Arkaplan:</td>\r\n<td><input class=\"jscolor\" name=\"header3_arkaplan\" value=\"ab2567\"></td>\r\n</tr>\r\n<tr>\r\n<td>Resim Seç:</td>\r\n<td><input type=\"file\" name=\"header3_resim\"/></td> \r\n</tr>\r\n<tr>\r\n<td colspan=\"2\"><button class=\"ayar_button\" name=\"sayfa_ekle\">Ekle</button></td>\r\n</tr>\r\n</table>\r\n</form>', '<?php echo \'<div style=\"background-color:\'.$header3_arkaplan.\';\">\'; ?>\r\n<center>\r\n<table border=\"0px\" cellpadding=\"20\">\r\n<tr>\r\n<td colspan=\"5\" style=\"text-align:center;\"> <?php echo \'<img src=\"resimler/\'.$header3_resim.\'\" width=\"250px\" height=\"250px\" style=\"\"/>\'; ?></td>\r\n</tr>\r\n<tr>\r\n<td> <?php echo \'<h3><a href=\"?sayfa=\'.$header3_yazi.\'\" style=\"text-decoration:none; color:white; border:1px solid black; padding:10;\">\'.$header3_yazi.\'</a></h3>\'; ?>   </td>\r\n<td> <?php echo \'<h3><a href=\"?sayfa=\'.$header3_yazi2.\'\" style=\"text-decoration:none; color:white; border:1px solid black; padding:10;\">\'.$header3_yazi2.\'</a></h3>\'; ?>   </td>\r\n<td> <?php echo \'<h3><a href=\"?sayfa=\'.$header3_yazi3.\'\" style=\"text-decoration:none; color:white; border:1px solid black; padding:10;\">\'.$header3_yazi3.\'</a></h3>\'; ?>   </td>\r\n<td> <?php echo \'<h3><a href=\"?sayfa=\'.$header3_yazi4.\'\" style=\"text-decoration:none; color:white; border:1px solid black; padding:10;\">\'.$header3_yazi4.\'</a></h3>\'; ?>   </td>\r\n<td> <?php echo \'<h3><a href=\"?sayfa=\'.$header3_yazi5.\'\" style=\"text-decoration:none; color:white; border:1px solid black; padding:10;\">\'.$header3_yazi5.\'</a></h3>\'; ?>   </td>\r\n</tr>\r\n</table>\r\n</center>\r\n</div>', 'komp/header3.png', ''),
(5, 'Content1', 'content', '<form action=\"AYARcontent1.php\" method=\"POST\" enctype=\"multipart/form-data\"> \r\n<table class=\"ayar_table\">\r\n<tr>\r\n<td>Açıklama yazısı:</td>\r\n<td><textarea class=\"ayar_textarea\" name=\"content1_yazim\"></textarea></td>\r\n</tr>\r\n<tr>\r\n<td>Açıklama yazı rengi:</td>\r\n<td><input class=\"jscolor\" name=\"content1_yazim_rengi\" value=\"ab2567\"></td> \r\n</tr>\r\n<tr>\r\n<td>Arkaplan:</td>\r\n<td><input class=\"jscolor\" name=\"content1_arkaplan\" value=\"ab2567\"></td>\r\n</tr>\r\n<tr>\r\n<td>Resim Seç:</td>\r\n<td><input type=\"file\" name=\"content1_resim\"/></td>\r\n</tr>\r\n<tr>\r\n<td colspan=\"2\"><button name=\"sayfa_ekle\" class=\"ayar_button\">Ekle</button> </td>\r\n</tr>\r\n</table>\r\n</form>', '<?php echo \'<div style=\"background-color:\'.$content1_arkaplan.\';\">\'; ?> <center> <table border=\"0px\" cellpadding=\"10\"> <tr> <td> <?php echo \'<img src=\"resimler/\'.$content1_resim.\'\" width=\"200px\" height=\"200px\" style=\"\"/>\'; ?> </td> <td style=\"word-wrap:break-word;\"><h3><?php echo \'<a style=\"color:\'.$content1_yazim_rengi.\';\">\'.$content1_yazim.\'</a>\'; ?></h3></td> </tr> </table> </center> </div>', 'komp/content1.png', ''),
(6, 'Content2', 'content', '<form action=\"AYARcontent2.php\" method=\"POST\">\r\n<table class=\"ayar_table\">\r\n<tr>\r\n<td>Açıklama yazısı:</td>\r\n<td><textarea class=\"ayar_textarea\" name=\"content2_yazim\"></textarea></td>\r\n</tr>\r\n<tr>\r\n<td>Arkaplan renk:</td>\r\n<td><input class=\"jscolor\" name=\"content2_arkaplan\" value=\"ab2567\"></td>\r\n</tr>\r\n<tr>\r\n<td colspan=\"2\"><button name=\"sayfa_ekle\" class=\"ayar_button\">Ekle</button></td>\r\n</tr>\r\n</table>\r\n</form>', '<?php echo \'<div style=\"background-color:\'.$content2_arkaplan.\'; word-wrap:break-word;\">\'; ?>\r\n<center>\r\n<h3>\r\n<?php echo \'<div style=\"word-wrap:break-word;\"><h2>\'.$content2_yazim.\'</h2></div>\'; ?>\r\n</h3>\r\n\r\n</center>\r\n</div>\r\n', 'komp/content2.png', ''),
(7, 'Content3', 'content', '<form action=\"AYARcontent3.php\" method=\"POST\">\r\nArkaplan renk: <input type=\"text\" name=\"content3_arkaplan\"/></br>\r\nResim1: <input type=\"text\" name=\"content3_resim\"/></br>\r\nResim2: <input type=\"text\" name=\"content3_resim2\"/></br>\r\nResim3: <input type=\"text\" name=\"content3_resim3\"/></br>\r\nResim4: <input type=\"text\" name=\"content3_resim4\"/></br>\r\nResim5: <input type=\"text\" name=\"content3_resim5\"/></br>\r\n<button name=\"sayfa_ekle\">Ekle</button>\r\n</form>', '<?php echo \'<div style=\"background-color:\'.$content3_arkaplan.\'; margin:auto;\">\'; ?>\r\n<center>\r\n<table border=\"0px\" cellpadding=\"10\">\r\n<tr>\r\n<td>\r\n<?php echo \'<img src=\"\'.$content3_resim.\'.png\" width=\"200px\" height=\"200px\" style=\"\"/>\'; ?>\r\n</td>\r\n<td>\r\n<?php echo \'<img src=\"\'.$content3_resim.\'.png\" width=\"200px\" height=\"200px\" style=\"\"/>\'; ?>\r\n</td>\r\n<td>\r\n<?php echo \'<img src=\"\'.$content3_resim.\'.png\" width=\"200px\" height=\"200px\" style=\"\"/>\'; ?>\r\n</td>\r\n<td>\r\n<?php echo \'<img src=\"\'.$content3_resim.\'.png\" width=\"200px\" height=\"200px\" style=\"\"/>\'; ?>\r\n</td>\r\n</tr>\r\n</table>\r\n</center>\r\n</div>\r\n', 'komp/content3.png', ''),
(8, 'Footer1', 'footer', '', '', 'komp/footer1.png', ''),
(9, 'Left Banner1', 'leftbanner', '<form action=\"AYARleftbanner1.php\" method=\"POST\">\r\n<table class=\"ayar_table\">\r\n<tr>\r\n<td>Arkaplan renk:</td>\r\n<td><input class=\"jscolor\" name=\"leftbar1_arkaplan\" value=\"ab2567\"></td>\r\n</tr>\r\n<tr>\r\n<td>Link Arkaplan renk:</td>\r\n<td><input class=\"jscolor\" name=\"leftbar1_linkrenk\" value=\"ab2567\"></td>\r\n</tr>\r\n<tr>\r\n<td>Link1:</td>\r\n<td><input type=\"text\" class=\"ayar_textbox\" name=\"leftbar1_link1\"/></td>\r\n</tr>\r\n<tr>\r\n<td>Link2:</td>\r\n<td><input type=\"text\" class=\"ayar_textbox\" name=\"leftbar1_link2\"/></td>\r\n</tr>\r\n<tr>\r\n<td>Link3:</td>\r\n<td> <input type=\"text\" class=\"ayar_textbox\" name=\"leftbar1_link3\"/></td>\r\n</tr>\r\n<tr>\r\n<td>Link4:</td>\r\n<td><input type=\"text\" class=\"ayar_textbox\" name=\"leftbar1_link4\"/></td>\r\n</tr>\r\n<tr>\r\n<td colspan=\"2\"><button name=\"sayfa_ekle\" class=\"ayar_button\">Ekle</button></td>\r\n</tr>\r\n</table>\r\n</form>', '<?php echo \'<div style=\"background-color:\'.$leftbar1_arkaplan.\';\">\'; ?>\r\n<center>\r\n<table border=\"0\" width=\"90%\" style=\"text-align:center; font-size:30px;\">\r\n<?php \r\necho \'<tr style=\"background-color:\'.$leftbar1_linkrenk.\';\"><td>\'.$leftbar1_link1.\'</td></tr>\';\r\necho \'<tr style=\"background-color:\'.$leftbar1_linkrenk.\';\"><td>\'.$leftbar1_link2.\'</td></tr>\';\r\necho \'<tr style=\"background-color:\'.$leftbar1_linkrenk.\';\"><td>\'.$leftbar1_link3.\'</td></tr>\';\r\necho \'<tr style=\"background-color:\'.$leftbar1_linkrenk.\';\"><td>\'.$leftbar1_link4.\'</td></tr>\';\r\n?>\r\n</table>\r\n</center>\r\n</div>', 'komp/leftbar1.png', ''),
(10, 'Left Banner2', 'leftbanner', '<form action=\"AYARleftbanner2.php\" method=\"POST\">\r\n<table class=\"ayar_table\">\r\n<tr>\r\n<td>Arkaplan renk:</td><td>\r\n<input class=\"jscolor\" name=\"leftbar2_arkaplan\" value=\"ab2567\">\r\n</td>\r\n</tr>\r\n<tr>\r\n<td>Link1:</td><td><input class=\"ayar_textbox\"  type=\"text\" name=\"leftbar2_link1\"/></td>\r\n</tr>\r\n<tr>\r\n<td>Link2:</td><td><input  class=\"ayar_textbox\" type=\"text\" name=\"leftbar2_link2\"/></td>\r\n</tr>\r\n<tr>\r\n<td>Link3:</td><td><input  class=\"ayar_textbox\" type=\"text\" name=\"leftbar2_link3\"/></td>\r\n</tr>\r\n<tr>\r\n<td>Link4:</td><td><input  class=\"ayar_textbox\" type=\"text\" name=\"leftbar2_link4\"/></td>\r\n</tr>\r\n<tr>\r\n<td colspan=\"2\"><button name=\"sayfa_ekle\" class=\"ayar_button\">Ekle</button></td>\r\n</tr>\r\n</table>\r\n</form>', '<?php echo \'<div style=\"font-size:30px; background-color:\'.$leftbar2_arkaplan.\'\">\'; ?>\r\n<center>\r\n<ul>\r\n<?php \r\necho \'<li>\'.$leftbar2_link1.\'</li>\'; \r\necho \'<li>\'.$leftbar2_link2.\'</li>\';\r\necho \'<li>\'.$leftbar2_link3.\'</li>\'; \r\necho \'<li>\'.$leftbar2_link4.\'</li>\'; \r\n?>\r\n</ul>\r\n</center>\r\n</div>', 'komp/leftbar2.png', ''),
(11, 'Header4', 'header', '<form action=\"AYARheader4.php\" method=\"POST\" enctype=\"multipart/form-data\" > \r\n<table class=\"ayar_table\">\r\n<tr>\r\n<td>Başlık:</td>\r\n<td><input type=\"text\" class=\"ayar_textbox\" name=\"header4_yazi\"/></td>\r\n</tr>\r\n<tr>\r\n<td>Link1:</td>\r\n<td><input type=\"text\" class=\"ayar_textbox\" name=\"header4_yazi1\"/></td>\r\n</tr>\r\n<tr>\r\n<td>Link2:</td>\r\n<td> <input type=\"text\" class=\"ayar_textbox\" name=\"header4_yazi2\"/></td>\r\n</tr>\r\n<tr>\r\n<td>Link3:</td>\r\n<td> <input type=\"text\" class=\"ayar_textbox\" name=\"header4_yazi3\"/></td>\r\n</tr>\r\n<tr>\r\n<td>Yazı Renk:</td>\r\n<td><input class=\"jscolor\" name=\"header4_yazirenk\" value=\"ab2567\"></td>\r\n</tr>\r\n<tr>\r\n<td>Resim Seç:</td>\r\n<td><input type=\"file\" name=\"header4_resim\"/></td>\r\n</tr>\r\n<tr>\r\n<td colspan=\"2\"><button name=\"sayfa_ekle\" class=\"ayar_button\">Ekle</button></td>\r\n</tr>\r\n</table>\r\n</form>', '<?php echo \'<div style=\"background-image: url(\'.$header4_resim.\'); fixed;\r\n background-repeat:no-repeat;\r\nbackground-size: cover; width:100%; height:100%; position:relative;\">\'; ?>\r\n<center>\r\n<table border=\"0px\" cellpadding=\"20\">\r\n<tr>\r\n<td  colspan=\"3\" style=\"text-align:center;  font-size:30;\"> <?php echo \'<h1><a href=\"?sayfa=content\" style=\"text-decoration:none; color:\'.$header4_yazirenk.\';\">\'.$header4_yazi.\'</a></h1>\'; ?>   </td>\r\n</tr>\r\n<tr>\r\n<td> <?php echo \'<h2><a href=\"?sayfa=\'.$header4_yazi1.\'\" style=\"text-decoration:none; color:white;background-color:gray; border:1px solid black; padding:10;\">\'.$header4_yazi1.\'</a></h2>\'; ?>   </td>\r\n<td> <?php echo \'<h2><a href=\"?sayfa=\'.$header4_yazi2.\'\" style=\"text-decoration:none; color:white;background-color:gray; border:1px solid black; padding:10;\">\'.$header4_yazi2.\'</a></h2>\'; ?>   </td>\r\n<td> <?php echo \'<h2><a href=\"?sayfa=\'.$header4_yazi3.\'\" style=\"text-decoration:none; color:white; background-color:gray; border:1px solid black; padding:10;\">\'.$header4_yazi3.\'</a></h2>\'; ?>   </td>\r\n</tr>\r\n</table>\r\n</center>\r\n</div>', 'komp/header4.png', ''),
(13, 'Content1', 'content1', '<form action=\"AYARcontent1.php\" method=\"POST\" enctype=\"multipart/form-data\"> \r\n<table class=\"ayar_table\">\r\n<tr>\r\n<td>Açıklama yazısı:</td>\r\n<td><textarea class=\"ayar_textarea\" name=\"content1_yazim\"></textarea></td>\r\n</tr>\r\n<tr>\r\n<td>Açıklama yazı rengi:</td>\r\n<td><input class=\"jscolor\" name=\"content1_yazim_rengi\" value=\"ab2567\"></td> \r\n</tr>\r\n<tr>\r\n<td>Arkaplan:</td>\r\n<td><input class=\"jscolor\" name=\"content1_arkaplan\" value=\"ab2567\"></td>\r\n</tr>\r\n<tr>\r\n<td>Resim Seç:</td>\r\n<td><input type=\"file\" name=\"content1_resim\"/></td>\r\n</tr>\r\n<tr>\r\n<td colspan=\"2\"><button name=\"sayfa_ekle\" class=\"ayar_button\">Ekle</button> </td>\r\n</tr>\r\n</table>\r\n</form>', '<?php echo \'<div style=\"background-color:\'.$content1_arkaplan.\';\">\'; ?> <center> <table border=\"0px\" cellpadding=\"10\"> <tr> <td> <?php echo \'<img src=\"resimler/\'.$content1_resim.\'\" width=\"200px\" height=\"200px\" style=\"\"/>\'; ?> </td> <td style=\"word-wrap:break-word;\"><h3><?php echo \'<a style=\"color:\'.$content1_yazim_rengi.\';\">\'.$content1_yazim.\'</a>\'; ?></h3></td> </tr> </table> </center> </div>', 'komp/content1.png', ''),
(14, 'Content2', 'content1', '<form action=\"AYARcontent2.php\" method=\"POST\">\r\n<table class=\"ayar_table\">\r\n<tr>\r\n<td>Açıklama yazısı:</td>\r\n<td><textarea class=\"ayar_textarea\" name=\"content2_yazim\"></textarea></td>\r\n</tr>\r\n<tr>\r\n<td>Arkaplan renk:</td>\r\n<td><input class=\"jscolor\" name=\"content2_arkaplan\" value=\"ab2567\"></td>\r\n</tr>\r\n<tr>\r\n<td colspan=\"2\"><button name=\"sayfa_ekle\" class=\"ayar_button\">Ekle</button></td>\r\n</tr>\r\n</table>\r\n</form>', '<?php echo \'<div style=\"background-color:\'.$content2_arkaplan.\'; word-wrap:break-word;\">\'; ?>\r\n<center>\r\n<h3>\r\n<?php echo \'<div style=\"word-wrap:break-word;\"><h2>\'.$content2_yazim.\'</h2></div>\'; ?>\r\n</h3>\r\n\r\n</center>\r\n</div>\r\n', 'komp/content2.png', ''),
(16, 'Content1', 'content2', '<form action=\"AYARcontent1.php\" method=\"POST\" enctype=\"multipart/form-data\"> \r\n<table class=\"ayar_table\">\r\n<tr>\r\n<td>Açıklama yazısı:</td>\r\n<td><textarea class=\"ayar_textarea\" name=\"content1_yazim\"></textarea></td>\r\n</tr>\r\n<tr>\r\n<td>Açıklama yazı rengi:</td>\r\n<td><input class=\"jscolor\" name=\"content1_yazim_rengi\" value=\"ab2567\"></td> \r\n</tr>\r\n<tr>\r\n<td>Arkaplan:</td>\r\n<td><input class=\"jscolor\" name=\"content1_arkaplan\" value=\"ab2567\"></td>\r\n</tr>\r\n<tr>\r\n<td>Resim Seç:</td>\r\n<td><input type=\"file\" name=\"content1_resim\"/></td>\r\n</tr>\r\n<tr>\r\n<td colspan=\"2\"><button name=\"sayfa_ekle\" class=\"ayar_button\">Ekle</button> </td>\r\n</tr>\r\n</table>\r\n</form>', '<?php echo \'<div style=\"background-color:\'.$content1_arkaplan.\';\">\'; ?> <center> <table border=\"0px\" cellpadding=\"10\"> <tr> <td> <?php echo \'<img src=\"resimler/\'.$content1_resim.\'\" width=\"200px\" height=\"200px\" style=\"\"/>\'; ?> </td> <td style=\"word-wrap:break-word;\"><h3><?php echo \'<a style=\"color:\'.$content1_yazim_rengi.\';\">\'.$content1_yazim.\'</a>\'; ?></h3></td> </tr> </table> </center> </div>', 'komp/content1.png', ''),
(17, 'Content2', 'content2', '<form action=\"AYARcontent2.php\" method=\"POST\">\r\n<table class=\"ayar_table\">\r\n<tr>\r\n<td>Açıklama yazısı:</td>\r\n<td><textarea class=\"ayar_textarea\" name=\"content2_yazim\"></textarea></td>\r\n</tr>\r\n<tr>\r\n<td>Arkaplan renk:</td>\r\n<td><input class=\"jscolor\" name=\"content2_arkaplan\" value=\"ab2567\"></td>\r\n</tr>\r\n<tr>\r\n<td colspan=\"2\"><button name=\"sayfa_ekle\" class=\"ayar_button\">Ekle</button></td>\r\n</tr>\r\n</table>\r\n</form>', '<?php echo \'<div style=\"background-color:\'.$content2_arkaplan.\'; word-wrap:break-word;\">\'; ?>\r\n<center>\r\n<h3>\r\n<?php echo \'<div style=\"word-wrap:break-word;\"><h2>\'.$content2_yazim.\'</h2></div>\'; ?>\r\n</h3>\r\n\r\n</center>\r\n</div>\r\n', 'komp/content2.png', ''),
(19, 'Content1', 'content_', '<form action=\"AYARcontent1.php\" method=\"POST\" enctype=\"multipart/form-data\"> \r\n<table class=\"ayar_table\">\r\n<tr>\r\n<td>Açıklama yazısı:</td>\r\n<td><textarea class=\"ayar_textarea\" name=\"content1_yazim\"></textarea></td>\r\n</tr>\r\n<tr>\r\n<td>Açıklama yazı rengi:</td>\r\n<td><input class=\"jscolor\" name=\"content1_yazim_rengi\" value=\"ab2567\"></td> \r\n</tr>\r\n<tr>\r\n<td>Arkaplan:</td>\r\n<td><input class=\"jscolor\" name=\"content1_arkaplan\" value=\"ab2567\"></td>\r\n</tr>\r\n<tr>\r\n<td>Resim Seç:</td>\r\n<td><input type=\"file\" name=\"content1_resim\"/></td>\r\n</tr>\r\n<tr>\r\n<td colspan=\"2\"><button name=\"sayfa_ekle\" class=\"ayar_button\">Ekle</button> </td>\r\n</tr>\r\n</table>\r\n</form>', '<?php echo \'<div style=\"background-color:\'.$content1_arkaplan.\';\">\'; ?> <center> <table border=\"0px\" cellpadding=\"10\"> <tr> <td> <?php echo \'<img src=\"resimler/\'.$content1_resim.\'\" width=\"200px\" height=\"200px\" style=\"\"/>\'; ?> </td> <td style=\"word-wrap:break-word;\"><h3><?php echo \'<a style=\"color:\'.$content1_yazim_rengi.\';\">\'.$content1_yazim.\'</a>\'; ?></h3></td> </tr> </table> </center> </div>', 'komp/content1.png', ''),
(20, 'Content2', 'content_', '<form action=\"AYARcontent2.php\" method=\"POST\">\r\n<table class=\"ayar_table\">\r\n<tr>\r\n<td>Açıklama yazısı:</td>\r\n<td><textarea class=\"ayar_textarea\" name=\"content2_yazim\"></textarea></td>\r\n</tr>\r\n<tr>\r\n<td>Arkaplan renk:</td>\r\n<td><input class=\"jscolor\" name=\"content2_arkaplan\" value=\"ab2567\"></td>\r\n</tr>\r\n<tr>\r\n<td colspan=\"2\"><button name=\"sayfa_ekle\" class=\"ayar_button\">Ekle</button></td>\r\n</tr>\r\n</table>\r\n</form>', '<?php echo \'<div style=\"background-color:\'.$content2_arkaplan.\'; word-wrap:break-word;\">\'; ?>\r\n<center>\r\n<h3>\r\n<?php echo \'<div style=\"word-wrap:break-word;\"><h2>\'.$content2_yazim.\'</h2></div>\'; ?>\r\n</h3>\r\n\r\n</center>\r\n</div>\r\n', 'komp/content2.png', ''),
(21, 'Content3', 'content_', '<form action=\"AYARcontent3.php\" method=\"POST\">\r\nArkaplan renk: <input type=\"text\" name=\"content3_arkaplan\"/></br>\r\nResim1: <input type=\"text\" name=\"content3_resim\"/></br>\r\nResim2: <input type=\"text\" name=\"content3_resim2\"/></br>\r\nResim3: <input type=\"text\" name=\"content3_resim3\"/></br>\r\nResim4: <input type=\"text\" name=\"content3_resim4\"/></br>\r\nResim5: <input type=\"text\" name=\"content3_resim5\"/></br>\r\n<button name=\"sayfa_ekle\">Ekle</button>\r\n</form>', '<?php echo \'<div style=\"background-color:\'.$content3_arkaplan.\'; margin:auto;\">\'; ?>\r\n<center>\r\n<table border=\"0px\" cellpadding=\"10\">\r\n<tr>\r\n<td>\r\n<?php echo \'<img src=\"\'.$content3_resim.\'.png\" width=\"200px\" height=\"200px\" style=\"\"/>\'; ?>\r\n</td>\r\n<td>\r\n<?php echo \'<img src=\"\'.$content3_resim.\'.png\" width=\"200px\" height=\"200px\" style=\"\"/>\'; ?>\r\n</td>\r\n<td>\r\n<?php echo \'<img src=\"\'.$content3_resim.\'.png\" width=\"200px\" height=\"200px\" style=\"\"/>\'; ?>\r\n</td>\r\n<td>\r\n<?php echo \'<img src=\"\'.$content3_resim.\'.png\" width=\"200px\" height=\"200px\" style=\"\"/>\'; ?>\r\n</td>\r\n</tr>\r\n</table>\r\n</center>\r\n</div>\r\n', 'komp/content3.png', ''),
(22, 'Left Banner1', 'leftbanner1', '<form action=\"AYARleftbanner1.php\" method=\"POST\">\r\n<table class=\"ayar_table\">\r\n<tr>\r\n<td>Arkaplan renk:</td>\r\n<td><input class=\"jscolor\" name=\"leftbar1_arkaplan\" value=\"ab2567\"></td>\r\n</tr>\r\n<tr>\r\n<td>Link Arkaplan renk:</td>\r\n<td><input class=\"jscolor\" name=\"leftbar1_linkrenk\" value=\"ab2567\">\r\n</td>\r\n</tr>\r\n<tr>\r\n<td>Link1:</td>\r\n<td><input type=\"text\" class=\"ayar_textbox\" name=\"leftbar1_link1\"/></td>\r\n</tr>\r\n<tr>\r\n<td>Link2:</td>\r\n<td><input type=\"text\" class=\"ayar_textbox\" name=\"leftbar1_link2\"/></td>\r\n</tr>\r\n<tr>\r\n<td>Link3:</td>\r\n<td> <input type=\"text\" class=\"ayar_textbox\" name=\"leftbar1_link3\"/></td>\r\n</tr>\r\n<tr>\r\n<td>Link4:</td>\r\n<td><input type=\"text\" class=\"ayar_textbox\" name=\"leftbar1_link4\"/></td>\r\n</tr>\r\n<tr>\r\n<td colspan=\"2\"><button name=\"sayfa_ekle\" class=\"ayar_button\">Ekle</button></td>\r\n</tr>\r\n</table>\r\n</form>', '<?php echo \'<div style=\"background-color:\'.$leftbar1_arkaplan.\';\">\'; ?>\r\n<center>\r\n<table border=\"0\" width=\"90%\" style=\"text-align:center; font-size:30px;\">\r\n<?php \r\necho \'<tr style=\"background-color:\'.$leftbar1_linkrenk.\';\"><td>\'.$leftbar1_link1.\'</td></tr>\';\r\necho \'<tr style=\"background-color:\'.$leftbar1_linkrenk.\';\"><td>\'.$leftbar1_link2.\'</td></tr>\';\r\necho \'<tr style=\"background-color:\'.$leftbar1_linkrenk.\';\"><td>\'.$leftbar1_link3.\'</td></tr>\';\r\necho \'<tr style=\"background-color:\'.$leftbar1_linkrenk.\';\"><td>\'.$leftbar1_link4.\'</td></tr>\';\r\n?>\r\n</table>\r\n</center>\r\n</div>', 'komp/leftbar1.png', ''),
(23, 'Left Banner2', 'leftbanner1', '<form action=\"AYARleftbanner2.php\" method=\"POST\">\r\n<table class=\"ayar_table\">\r\n<tr>\r\n<td>Arkaplan renk:</td><td><input class=\"jscolor\" name=\"leftbar2_arkaplan\" value=\"ab2567\"></td>\r\n</tr>\r\n<tr>\r\n<td>Link1:</td><td><input class=\"ayar_textbox\"  type=\"text\" name=\"leftbar2_link1\"/></td>\r\n</tr>\r\n<tr>\r\n<td>Link2:</td><td><input  class=\"ayar_textbox\" type=\"text\" name=\"leftbar2_link2\"/></td>\r\n</tr>\r\n<tr>\r\n<td>Link3:</td><td><input  class=\"ayar_textbox\" type=\"text\" name=\"leftbar2_link3\"/></td>\r\n</tr>\r\n<tr>\r\n<td>Link4:</td><td><input  class=\"ayar_textbox\" type=\"text\" name=\"leftbar2_link4\"/></td>\r\n</tr>\r\n<tr>\r\n<td colspan=\"2\"><button name=\"sayfa_ekle\" class=\"ayar_button\">Ekle</button></td>\r\n</tr>\r\n</table>\r\n</form>', '<?php echo \'<div style=\"font-size:30px; background-color:\'.$leftbar2_arkaplan.\'\">\'; ?>\r\n<center>\r\n<ul>\r\n<?php \r\necho \'<li>\'.$leftbar2_link1.\'</li>\'; \r\necho \'<li>\'.$leftbar2_link2.\'</li>\';\r\necho \'<li>\'.$leftbar2_link3.\'</li>\'; \r\necho \'<li>\'.$leftbar2_link4.\'</li>\'; \r\n?>\r\n</ul>\r\n</center>\r\n</div>', 'komp/leftbar2.png', ''),
(24, 'Header5', 'header', '<form action=\"AYARheader5.php\" method=\"POST\" enctype=\"multipart/form-data\" >\r\n<table class=\"ayar_table\">\r\n<tr>\r\n<td>Link1:</td>\r\n<td><input type=\"text\" class=\"ayar_textbox\" name=\"header5_yazi\"/></td>\r\n</tr>\r\n<tr>\r\n<td>Link2:</td>\r\n<td><input type=\"text\"  class=\"ayar_textbox\"name=\"header5_yazi2\"/></td>\r\n</tr>\r\n<tr>\r\n<td>Link3:</td>\r\n<td><input type=\"text\" class=\"ayar_textbox\" name=\"header5_yazi3\"/></td>\r\n</tr>\r\n<tr>\r\n<td>Link4:</td>\r\n<td><input type=\"text\" class=\"ayar_textbox\" name=\"header5_yazi4\"/></td>\r\n</tr>\r\n<tr>\r\n<td>Link5:</td>\r\n<td><input type=\"text\" class=\"ayar_textbox\" name=\"header5_yazi5\"/></td>\r\n</tr>\r\n<tr>\r\n<td>Arkaplan:</td>\r\n<td><input class=\"jscolor\" name=\"header5_arkaplan\" value=\"ab2567\"></td>\r\n</tr>\r\n<tr>\r\n<td colspan=\"2\"><button class=\"ayar_button\" name=\"sayfa_ekle\">Ekle</button></td>\r\n</tr>\r\n</table>\r\n</form>', '<?php echo \'<div style=\"background-color:\'.$header5_arkaplan.\'; height:100%;\">\'; ?>\r\n<center>\r\n<table border=\"0px\" cellpadding=\"25\">\r\n</tr>\r\n<tr>\r\n<td></td>\r\n</tr><tr>\r\n<td> <?php echo \'<h2><a href=\"?sayfa=\'.$header5_yazi.\'\" style=\"text-decoration:none; color:white; border:1px solid black; background-color:gray; padding:10;\">\'.$header5_yazi.\'</a></h2>\'; ?>   </td>\r\n<td> <?php echo \'<h2><a href=\"?sayfa=\'.$header5_yazi2.\'\" style=\"text-decoration:none; color:white; border:1px solid black; background-color:gray; padding:10;\">\'.$header5_yazi2.\'</a></h2>\'; ?>   </td>\r\n<td> <?php echo \'<h2><a href=\"?sayfa=\'.$header5_yazi3.\'\" style=\"text-decoration:none; color:white; border:1px solid black; background-color:gray;  padding:10;\">\'.$header5_yazi3.\'</a></h2>\'; ?>   </td>\r\n<td> <?php echo \'<h2><a href=\"?sayfa=\'.$header5_yazi4.\'\" style=\"text-decoration:none; color:white; border:1px solid black; background-color:gray;  padding:10;\">\'.$header5_yazi4.\'</a></h2>\'; ?>   </td>\r\n<td> <?php echo \'<h2><a href=\"?sayfa=\'.$header5_yazi5.\'\" style=\"text-decoration:none; color:white; border:1px solid black; background-color:gray;  padding:10;\">\'.$header5_yazi5.\'</a></h2>\'; ?>   </td>\r\n</tr></tr>\r\n<tr>\r\n<td></td>\r\n</tr>\r\n</table>\r\n</center>\r\n</div>', 'komp/header5.png', ''),
(25, 'Header6', 'header', '<form action=\"AYARheader6.php\" method=\"POST\" enctype=\"multipart/form-data\" > \r\n<table class=\"ayar_table\">\r\n<tr>\r\n<td>Link1:</td>\r\n<td><input type=\"text\" class=\"ayar_textbox\" name=\"header6_yazi\"/></td>\r\n</tr>\r\n<tr>\r\n<td>Link2:</td>\r\n<td><input type=\"text\" class=\"ayar_textbox\" name=\"header6_yazi2\"/></td>\r\n</tr>\r\n<tr>\r\n<td>Link3:</td>\r\n<td> <input type=\"text\" class=\"ayar_textbox\" name=\"header6_yazi4\"/></td>\r\n</tr>\r\n</tr>\r\n<tr>\r\n<td>Link4:</td>\r\n<td> <input type=\"text\" class=\"ayar_textbox\" name=\"header6_yazi5\"/></td>\r\n</tr>\r\n<tr>\r\n<td>Arkaplan:</td>\r\n<td><input class=\"jscolor\" name=\"header6_arkaplan\" value=\"ab2567\"></td>\r\n</tr>\r\n<tr>\r\n<td>Resim Seç:</td>\r\n<td><input type=\"file\" name=\"header6_resim\"/></td>\r\n</tr>\r\n<tr>\r\n<td colspan=\"2\"><button name=\"sayfa_ekle\" class=\"ayar_button\">Ekle</button></td>\r\n</tr>\r\n</table>\r\n</form>', '<?php echo \'<div style=\"background-color:\'.$header6_arkaplan.\'; height:100%;\">\'; ?>\r\n<center>\r\n<table border=\"0px\" cellpadding=\"25\">\r\n<tr>\r\n<td> <?php echo \'<h2><a href=\"?sayfa=\'.$header6_yazi.\'\" style=\"text-decoration:none; color:white; border:1px solid black; background-color:gray; padding:10;\">\'.$header6_yazi.\'</a></h2>\'; ?>   </td>\r\n<td> <?php echo \'<h2><a href=\"?sayfa=\'.$header6_yazi2.\'\" style=\"text-decoration:none; color:white; border:1px solid black; background-color:gray; padding:10;\">\'.$header6_yazi2.\'</a></h2>\'; ?>   </td>\r\n<td> <?php echo \'<a href=\"?sayfa=content\"><img src=\"resimler/\'.$header6_resim.\'\" width=\"250\" height=\"250\"/></a>\'; ?>   </td>\r\n<td> <?php echo \'<h2><a href=\"?sayfa=\'.$header6_yazi4.\'\" style=\"text-decoration:none; color:white; border:1px solid black; background-color:gray;  padding:10;\">\'.$header6_yazi4.\'</a></h2>\'; ?>   </td>\r\n<td> <?php echo \'<h2><a href=\"?sayfa=\'.$header6_yazi5.\'\" style=\"text-decoration:none; color:white; border:1px solid black; background-color:gray;  padding:10;\">\'.$header6_yazi5.\'</a></h2>\'; ?>   </td>\r\n</tr>\r\n</table>\r\n</center>\r\n</div>', 'komp/header6.png', ''),
(26, 'LittleHeader1', 'littleheader', '<form action=\"AYARlittleheader1.php\" method=\"POST\" enctype=\"multipart/form-data\" > \r\n<table class=\"ayar_table\">\r\n<tr>\r\n<td>Link1:</td>\r\n<td><input type=\"text\" class=\"ayar_textbox\" name=\"littleheader1_yazi\"/></td>\r\n</tr>\r\n<tr>\r\n<td>Link2:</td>\r\n<td><input type=\"text\" class=\"ayar_textbox\" name=\"littleheader1_yazi2\"/></td>\r\n</tr>\r\n<tr>\r\n<td>Link3:</td>\r\n<td> <input type=\"text\" class=\"ayar_textbox\" name=\"littleheader1_yazi3\"/></td>\r\n</tr>\r\n<tr>\r\n<td>Link4:</td>\r\n<td> <input type=\"text\" class=\"ayar_textbox\" name=\"littleheader1_yazi4\"/></td>\r\n</tr>\r\n<tr>\r\n<td>Link5:</td>\r\n<td> <input type=\"text\" class=\"ayar_textbox\" name=\"littleheader1_yazi5\"/></td>\r\n</tr>\r\n<tr>\r\n<td>Arkaplan:</td>\r\n<td><input class=\"jscolor\" name=\"littleheader1_arkaplan\" value=\"ab2567\"></td>\r\n</tr>\r\n<tr>\r\n<td colspan=\"2\"><button name=\"sayfa_ekle\" class=\"ayar_button\">Ekle</button></td>\r\n</tr>\r\n</table>\r\n</form>', '<?php echo \'<div style=\"background-color:\'.$littleheader1_arkaplan.\'; height:100%;\">\'; ?>\r\n<center>\r\n<table border=\"0px\" cellpadding=\"7\">\r\n<tr><tr><td></td></tr>\r\n<td  style=\"padding:23 15 7 15;\"> <?php echo \'<h3><a href=\"?sayfa=\'.$littleheader1_yazi.\'\" style=\"text-decoration:none; color:white; border:1px solid black; background-color:gray; padding:10;\">\'.$littleheader1_yazi.\'</a></h3>\'; ?>   </td>\r\n<td  style=\"padding:23 15 7 15;\"> <?php echo \'<h3><a href=\"?sayfa=\'.$littleheader1_yazi2.\'\" style=\"text-decoration:none; color:white; border:1px solid black; background-color:gray; padding:10;\">\'.$littleheader1_yazi2.\'</a></h3>\'; ?>   </td>\r\n<td  style=\"padding:23 15 7 15;\"> <?php echo \'<h3><a href=\"?sayfa=\'.$littleheader1_yazi3.\'\" style=\"text-decoration:none; color:white; border:1px solid black; background-color:gray;  padding:10;\">\'.$littleheader1_yazi3.\'</a></h3>\'; ?>   </td>\r\n<td  style=\"padding:23 15 7 15;\"> <?php echo \'<h3><a href=\"?sayfa=\'.$littleheader1_yazi4.\'\" style=\"text-decoration:none; color:white; border:1px solid black; background-color:gray;  padding:10;\">\'.$littleheader1_yazi4.\'</a></h3>\'; ?>   </td>\r\n<td  style=\"padding:23 15 7 15;\"> <?php echo \'<h3><a href=\"?sayfa=\'.$littleheader1_yazi5.\'\" style=\"text-decoration:none; color:white; border:1px solid black; background-color:gray;  padding:10;\">\'.$littleheader1_yazi5.\'</a></h3>\'; ?>   </td>\r\n</tr><tr><td></td></tr>\r\n</table>\r\n</center>\r\n</div>', 'komp/littleheader1.png', ''),
(27, 'Bar1', 'bar1', '<form action=\"AYARbar1.php\" method=\"POST\" enctype=\"multipart/form-data\" >\r\n<table border=\"0\" class=\"ayar_table\">\r\n<tr>\r\n<td>Başlık Giriniz:</td>\r\n<td><input type=\"text\" class=\"ayar_textbox\" name=\"bar1_yazi\"/></td>\r\n</tr>\r\n<tr>\r\n<td>Resim Seç:</td>\r\n<td><input type=\"file\" name=\"bar1_resim\"/></td>\r\n</tr>\r\n<tr>\r\n<td>Arkaplan Renk:</td>\r\n<td><input class=\"jscolor\" name=\"bar1_arkaplan\" value=\"ab2567\"></td>\r\n</tr>\r\n<tr>\r\n<td colspan=\"2\" style=\"\"><button name=\"sayfa_ekle\" class=\"ayar_button\">Ekle</button></td>\r\n</tr>\r\n</table>\r\n</form>', '<?php echo \'<div style=\"background-color:\'.$bar1_arkaplan.\';\">\'; ?>\r\n<center>\r\n<table border=\"0px\" cellpadding=\"20\">\r\n<tr>\r\n<td>\r\n<center>\r\n<?php echo \'<img src=\"resimler/\'.$bar1_resim.\'\" width=\"100px\" height=\"100px\" style=\"\"/>\'; ?>\r\n</center>\r\n</td>\r\n</tr>\r\n<tr>\r\n<td>\r\n<center>\r\n<?php echo \'<h3>\'.$bar1_yazi.\'</h3>\'; ?>\r\n</center>\r\n</td>\r\n</tr>\r\n</table>\r\n</center>\r\n</div>', 'komp/bar1.png', ''),
(28, 'Header7', 'header', '<form action=\"AYARheader7.php\" method=\"POST\" enctype=\"multipart/form-data\" >\r\n<table class=\"ayar_table\">\r\n<tr>\r\n<td>Link1:</td>\r\n<td><input type=\"text\" class=\"ayar_textbox\" name=\"header7_yazi\"/></td>\r\n</tr>\r\n<tr>\r\n<td>Link2:</td>\r\n<td><input type=\"text\"  class=\"ayar_textbox\"name=\"header7_yazi2\"/></td>\r\n</tr>\r\n<tr>\r\n<td>Link3:</td>\r\n<td><input type=\"text\" class=\"ayar_textbox\" name=\"header7_yazi3\"/></td>\r\n</tr>\r\n<tr>\r\n<td>Link4:</td>\r\n<td><input type=\"text\" class=\"ayar_textbox\" name=\"header7_yazi4\"/></td>\r\n</tr>\r\n<tr>\r\n<td>Link5:</td>\r\n<td><input type=\"text\" class=\"ayar_textbox\" name=\"header7_yazi5\"/></td>\r\n</tr>\r\n<tr>\r\n<tr>\r\n<td>Alt Yazı:</td>\r\n<td><textarea class=\"ayar_textarea\" name=\"header7_yazi6\"></textarea></td>\r\n</tr>\r\n<tr>\r\n<td>Arkaplan:</td>\r\n<td><input class=\"jscolor\" name=\"header7_arkaplan\" value=\"ab2567\"></td>\r\n</tr>\r\n<tr>\r\n<td colspan=\"2\"><button class=\"ayar_button\" name=\"sayfa_ekle\">Ekle</button></td>\r\n</tr>\r\n</table>\r\n</form>', '<?php echo \'<div style=\"background-color:\'.$header7_arkaplan.\'; height:100%;\">\'; ?>\r\n<center>\r\n<table border=\"0px\" cellpadding=\"25\">\r\n</tr>\r\n<tr>\r\n<td></td>\r\n</tr><tr>\r\n<td> <?php echo \'<h2><a href=\"?sayfa=\'.$header7_yazi.\'\" style=\"text-decoration:none; color:white; border:1px solid black; background-color:gray; padding:10;\">\'.$header7_yazi.\'</a></h2>\'; ?>   </td>\r\n<td> <?php echo \'<h2><a href=\"?sayfa=\'.$header7_yazi2.\'\" style=\"text-decoration:none; color:white; border:1px solid black; background-color:gray; padding:10;\">\'.$header7_yazi2.\'</a></h2>\'; ?>   </td>\r\n<td> <?php echo \'<h2><a href=\"?sayfa=\'.$header7_yazi3.\'\" style=\"text-decoration:none; color:white; border:1px solid black; background-color:gray;  padding:10;\">\'.$header7_yazi3.\'</a></h2>\'; ?>   </td>\r\n<td> <?php echo \'<h2><a href=\"?sayfa=\'.$header7_yazi4.\'\" style=\"text-decoration:none; color:white; border:1px solid black; background-color:gray;  padding:10;\">\'.$header7_yazi4.\'</a></h2>\'; ?>   </td>\r\n<td> <?php echo \'<h2><a href=\"?sayfa=\'.$header7_yazi5.\'\" style=\"text-decoration:none; color:white; border:1px solid black; background-color:gray;  padding:10;\">\'.$header7_yazi5.\'</a></h2>\'; ?>   </td>\r\n</tr></tr>\r\n<tr>\r\n<td colspan=\"5\" style=\"text-align:center;\"> <?php echo \'<h2>\'.$header7_yazi6.\'</h2>\'; ?> </td>\r\n</tr>\r\n</table>\r\n</center>\r\n</div>', 'komp/header7.png', ''),
(29, 'Header8', 'header', '<form action=\"AYARheader8.php\" method=\"POST\" enctype=\"multipart/form-data\" > \r\n<table class=\"ayar_table\"><tr>\r\n<td>Başlık:</td>\r\n<td><input type=\"text\" class=\"ayar_textbox\" name=\"header8_yazi4\"/></td>\r\n</tr>\r\n<tr>\r\n<td>Link1:</td>\r\n<td><input type=\"text\" class=\"ayar_textbox\" name=\"header8_yazi\"/></td>\r\n</tr>\r\n<tr>\r\n<td>Link2:</td>\r\n<td><input type=\"text\" class=\"ayar_textbox\" name=\"header8_yazi2\"/></td>\r\n</tr>\r\n<tr>\r\n<td>Link3:</td>\r\n<td> <input type=\"text\" class=\"ayar_textbox\" name=\"header8_yazi3\"/></td>\r\n</tr>\r\n<tr>\r\n<td>Arkaplan:</td>\r\n<td><input class=\"jscolor\" name=\"header8_arkaplan\" value=\"ab2567\"></td>\r\n</tr>\r\n<tr>\r\n<td>Resim Seç:</td>\r\n<td><input type=\"file\" name=\"header8_resim\"/></td>\r\n</tr>\r\n<tr>\r\n<td colspan=\"2\"><button name=\"sayfa_ekle\" class=\"ayar_button\">Ekle</button></td>\r\n</tr>\r\n</table>\r\n</form>', '<?php echo \'<div style=\"background-color:\'.$header8_arkaplan.\';\">\'; ?>\r\n<center>\r\n<table border=\"0px\" cellpadding=\"20\">\r\n<tr>\r\n<td> <?php echo \'<a href=\"?sayfa=content\"><img src=\"resimler/\'.$header8_resim.\'\" width=\"250px\" height=\"250px\" style=\"\"/></a>\'; ?>   </td>\r\n<td> <?php echo \'<h1>\'.$header8_yazi4.\'</h1>\'; ?> </td>\r\n<td> </td>\r\n<td> </td>\r\n<td> \r\n<table>\r\n<tr>\r\n<td style=\"border:1px solid black; text-align: center; vertical-align: middle; padding:20 10 0 10;\"> <?php echo \'<h3><a href=\"?sayfa=\'.$header8_yazi.\'\" style=\"text-decoration:none; color:white;\">\'.$header8_yazi.\'</a></h3>\'; ?>   </td>\r\n</tr>\r\n<tr>\r\n<td style=\"border:1px solid black; text-align: center; vertical-align: middle; padding:20 10 0 10;\"> <?php echo \'<h3><a href=\"?sayfa=\'.$header8_yazi2.\'\" style=\"text-decoration:none; color:white;\">\'.$header8_yazi2.\'</a></h3>\'; ?>   </td>\r\n</tr>\r\n<tr>\r\n<td style=\"border:1px solid black; text-align: center; vertical-align: middle; padding:20 10 0 10;\"> <?php echo \'<h3><a href=\"?sayfa=\'.$header8_yazi3.\'\" style=\"text-decoration:none; color:white;\">\'.$header8_yazi3.\'</a></h3>\'; ?>   </td>\r\n</tr>\r\n</table>\r\n</td>\r\n</tr>\r\n</table>\r\n</center>\r\n</div>', 'komp/header8.png', ''),
(30, 'Header9', 'header', '<form action=\"AYARheader9.php\" method=\"POST\" enctype=\"multipart/form-data\" > \r\n<table class=\"ayar_table\"><tr>\r\n<td>Başlık:</td>\r\n<td><input type=\"text\" class=\"ayar_textbox\" name=\"header9_yazi4\"/></td>\r\n</tr>\r\n<tr>\r\n<td>Link1:</td>\r\n<td><input type=\"text\" class=\"ayar_textbox\" name=\"header9_yazi\"/></td>\r\n</tr>\r\n<tr>\r\n<td>Link2:</td>\r\n<td><input type=\"text\" class=\"ayar_textbox\" name=\"header9_yazi2\"/></td>\r\n</tr>\r\n<tr>\r\n<td>Link3:</td>\r\n<td> <input type=\"text\" class=\"ayar_textbox\" name=\"header9_yazi3\"/></td>\r\n</tr>\r\n<tr>\r\n<td>Arkaplan:</td>\r\n<td><input class=\"jscolor\" name=\"header9_arkaplan\" value=\"ab2567\"></td>\r\n</tr>\r\n<tr>\r\n<td>Resim Seç:</td>\r\n<td><input type=\"file\" name=\"header9_resim\"/></td>\r\n</tr>\r\n<tr>\r\n<td colspan=\"2\"><button name=\"sayfa_ekle\" class=\"ayar_button\">Ekle</button></td>\r\n</tr>\r\n</table>\r\n</form>', '<?php echo \'<div style=\"background-color:\'.$header9_arkaplan.\';\">\'; ?>\r\n<center>\r\n<table border=\"0px\" cellpadding=\"20\">\r\n<tr>\r\n\r\n<td> \r\n<table>\r\n<tr>\r\n<td style=\"border:1px solid black; text-align: center; vertical-align: middle; padding:20 10 0 10;\"> <?php echo \'<h3><a href=\"?sayfa=\'.$header9_yazi.\'\" style=\"text-decoration:none; color:white; padding:10;\">\'.$header9_yazi.\'</a></h3>\'; ?>   </td>\r\n</tr>\r\n<tr>\r\n<td style=\"border:1px solid black; text-align: center; vertical-align: middle; padding:20 10 0 10;\"> <?php echo \'<h3><a href=\"?sayfa=\'.$header9_yazi2.\'\" style=\"text-decoration:none; color:white;\">\'.$header9_yazi2.\'</a></h3>\'; ?>   </td>\r\n</tr>\r\n<tr>\r\n<td style=\"border:1px solid black; text-align: center; vertical-align: middle; padding:20 10 0 10;\"> <?php echo \'<h3><a href=\"?sayfa=\'.$header9_yazi3.\'\" style=\"text-decoration:none; color:white; padding:10;\">\'.$header9_yazi3.\'</a></h3>\'; ?>   </td>\r\n</tr>\r\n</table>\r\n</td>\r\n<td> </td>\r\n<td> </td>\r\n<td> </td>\r\n<td> </td>\r\n<td> <?php echo \'<h1>\'.$header9_yazi4.\'</h1>\'; ?> </td>\r\n<td> <?php echo \'<a href=\"?sayfa=content\"><img src=\"resimler/\'.$header9_resim.\'\" width=\"250px\" height=\"250px\" style=\"\"/></a>\'; ?>   </td>\r\n</tr>\r\n</table>\r\n</center>\r\n</div>', 'komp/header9.png', '');

-- --------------------------------------------------------

--
-- Tablo için tablo yapısı `kullanicilar`
--

CREATE TABLE `kullanicilar` (
  `id` int(11) NOT NULL,
  `ad` varchar(200) NOT NULL,
  `soyad` varchar(200) NOT NULL,
  `email` varchar(800) NOT NULL,
  `sifre` varchar(300) NOT NULL
) ENGINE=InnoDB DEFAULT CHARSET=latin1;

--
-- Tablo döküm verisi `kullanicilar`
--

INSERT INTO `kullanicilar` (`id`, `ad`, `soyad`, `email`, `sifre`) VALUES
(1, 'enes', 'döngez', 'enesdongez@gmail.com', '123'),
(12, 'Ali', 'Veli', 'a@a.a', '123'),
(22, 'deneme', 'deneme', 'dene@a.com', 'dene'),
(23, 'Admin', 'Admin', 'ADMIN', 'ADMIN');

-- --------------------------------------------------------

--
-- Tablo için tablo yapısı `sablonlar`
--

CREATE TABLE `sablonlar` (
  `sablon_id` int(200) NOT NULL,
  `sablon_adi` varchar(200) COLLATE utf8mb4_turkish_ci NOT NULL,
  `sablon_resim` varchar(200) COLLATE utf8mb4_turkish_ci NOT NULL,
  `sablon_kod` mediumtext COLLATE utf8mb4_turkish_ci NOT NULL,
  `sablon_tasarimkodu` varchar(10000) COLLATE utf8mb4_turkish_ci NOT NULL,
  `sablon_editorkodu` mediumtext COLLATE utf8mb4_turkish_ci NOT NULL
) ENGINE=InnoDB DEFAULT CHARSET=utf8mb4 COLLATE=utf8mb4_turkish_ci;

--
-- Tablo döküm verisi `sablonlar`
--

INSERT INTO `sablonlar` (`sablon_id`, `sablon_adi`, `sablon_resim`, `sablon_kod`, `sablon_tasarimkodu`, `sablon_editorkodu`) VALUES
(1, 'sablon1', 'Desing\\Pictures\\Sablon\\sablon1.png', 'sablon1.php', '<html>\r\n<head>\r\n<script src=\"http://code.jquery.com/jquery-1.11.0.min.js\"></script>\r\n</head>\r\n	<body>\r\n		<table class=\"data\" id=\"data\" border=\"0\" cellspacing=\"1\" height=\"100%\" width=\"100%\">         \r\n			<tr> 			\r\n				<td valign=\"top\" style=\"word-break:break-all;\"> 			\r\n					<div id=\"content\"> 		\r\n						<?php\r\n\r\n							$sayfalar_klasor=\'./\';\r\n\r\n							if(!empty($_GET[\'sayfa\'])){\r\n								$sayfalar=scandir($sayfalar_klasor,0);\r\n								unset($sayfalar[0],$sayfalar[1]);\r\n								\r\n							$sayfa=$_GET[\'sayfa\'];\r\n							if(in_array($sayfa.\'.php\', $sayfalar)){\r\n								include $sayfa.\'.php\'; \r\n								\r\n								\r\n							}\r\n							else{\r\n								echo \'Aradığınız sayfa bulunamadı\';\r\n							}\r\n							  \r\n						  \r\n							}\r\n							else{\r\n								include \'content.php\';\r\n							}\r\n						?>\r\n                    </div>\r\n					</div> \r\n				</td>\r\n			</tr>\r\n		</table>\r\n    </body>\r\n</html>', '<html>\r\n<head>\r\n<script src=\"http://code.jquery.com/jquery-1.11.0.min.js\"></script>\r\n</head>\r\n	<body>\r\n<table class=\"data\" border=\"1px\" id=\"data\" cellspacing=\"0\" height=\"100%\" width=\"100%\">         \r\n       \r\n			<tr> 			\r\n				<td valign=\"top\" style=\"word-break:break-all;\"> 			\r\n					<div id=\"content\"> 		\r\n						<?php\r\n\r\n							$sayfalar_klasor=\'./\';\r\n\r\n							if(!empty($_GET[\'sayfa\'])){\r\n								$sayfalar=scandir($sayfalar_klasor,0);\r\n								unset($sayfalar[0],$sayfalar[1]);\r\n								\r\n							$sayfa=$_GET[\'sayfa\'];\r\n							if(in_array($sayfa.\'.php\', $sayfalar)){\r\n								include $sayfa.\'.php\'; \r\n								\r\n								\r\n							}\r\n							else{\r\n								echo \'Aradığınız sayfa bulunamadı\';\r\n							}\r\n							  \r\n						  \r\n							}\r\n							else{\r\n								include \'content.php\';\r\n							}\r\n						?>\r\n                    </div>\r\n					</div> \r\n				</td>\r\n			</tr>\r\n		</table>\r\n    </body>\r\n</html>'),
(2, 'sablon2', 'Desing\\Pictures\\Sablon\\sablon2.png', 'sablon2.php', '<html>\r\n<head>\r\n<script src=\"http://code.jquery.com/jquery-1.11.0.min.js\"></script>\r\n</head>\r\n<body>\r\n<table class=\"data\" id=\"data\" border=\"0\" cellspacing=\"1\" height=\"100%\" width=\"100%\">\r\n        <tr height=\"20%\">\r\n            <td id=\"header\" colspan=\"5\">\r\n			<div id=\"header\">\r\n                  <?php include \'header.php\'; ?>\r\n                </div>\r\n			</td>\r\n        </tr>\r\n		 <tr>\r\n			<div>\r\n            <?php\r\n\r\n                $sayfalar_klasor=\'./\';\r\n\r\n                if(!empty($_GET[\'sayfa\'])){\r\n                    $sayfalar=scandir($sayfalar_klasor,0);\r\n                    unset($sayfalar[0],$sayfalar[1]);\r\n                    \r\n                $sayfa=$_GET[\'sayfa\'];\r\n                if(in_array($sayfa.\'.php\', $sayfalar)){\r\n                    include $sayfa.\'.php\'; \r\n                    \r\n                    \r\n                }\r\n                else{\r\n                    echo \'Aradığınız sayfa bulunamadı\';\r\n                }\r\n                  \r\n              \r\n                }\r\n                else{\r\n                    include \'content.php\';\r\n                }\r\n                ?>\r\n		</div>\r\n        </tr>\r\n		<tr height=\"20%\">\r\n            <td id=\"footer\" colspan=\"5\">\r\n			<div id=\"footer\">\r\n			 <?php include \'footer.php\'; ?>\r\n			</div>\r\n			</td>\r\n        </tr>\r\n   </table>\r\n</body>\r\n</html>', '<html>\r\n<head>\r\n<script src=\"http://code.jquery.com/jquery-1.11.0.min.js\"></script>\r\n</head>\r\n<body>\r\n<table class=\"data\" border=\"1px\" id=\"data\" cellspacing=\"0\" height=\"100%\" width=\"100%\"> \r\n        <tr height=\"20%\">\r\n            <td id=\"header\" colspan=\"5\">\r\n			<div id=\"header\">\r\n                  <?php include \'header.php\'; ?>\r\n                </div>\r\n			</td>\r\n        </tr>\r\n		 <tr>\r\n			<div>\r\n            <?php\r\n\r\n                $sayfalar_klasor=\'./\';\r\n\r\n                if(!empty($_GET[\'sayfa\'])){\r\n                    $sayfalar=scandir($sayfalar_klasor,0);\r\n                    unset($sayfalar[0],$sayfalar[1]);\r\n                    \r\n                $sayfa=$_GET[\'sayfa\'];\r\n                if(in_array($sayfa.\'.php\', $sayfalar)){\r\n                    include $sayfa.\'.php\'; \r\n                    \r\n                    \r\n                }\r\n                else{\r\n                    echo \'Aradığınız sayfa bulunamadı\';\r\n                }\r\n                  \r\n              \r\n                }\r\n                else{\r\n                    include \'content.php\';\r\n                }\r\n                ?>\r\n		</div>\r\n        </tr>\r\n		<tr height=\"20%\">\r\n            <td id=\"footer\" colspan=\"5\">\r\n			<div id=\"footer\">\r\n			 <?php include \'footer.php\'; ?>\r\n			</div>\r\n			</td>\r\n        </tr>\r\n   </table>\r\n</body>\r\n</html>'),
(3, 'sablon3', 'Desing\\Pictures\\Sablon\\sablon3.png', 'sablon3.php', '<html>\r\n<head>\r\n<script src=\"http://code.jquery.com/jquery-1.11.0.min.js\"></script>\r\n</head> \r\n<body> \r\n<table class=\"data\" border=\"0px\" id=\"data\" cellspacing=\"0\" height=\"100%\" width=\"100%\">         \r\n<tr height=\"20%\">             \r\n<td id=\"header\" colspan=\"5\" style=\"word-break:break-all;\">                 \r\n<div id=\"header\" style=\"border:1px solid black;\">         \r\n                    <?php include(\'header.php\'); ?>           \r\n</div> 			\r\n</td>         \r\n</tr>         \r\n<tr> 			\r\n<td id=\"leftbanner\"  rowspan=\"4\" width=\"20%\" valign=\"top\" style=\"word-break:break-all;\">\r\n<div id=\"leftbanner\">  \r\n                <?php include(\'leftbanner.php\'); ?>             \r\n</div> 			\r\n</td> 			\r\n  \r\n	<?php\r\n\r\n                    $sayfalar_klasor=\'./\';\r\n\r\n                    if(!empty($_GET[\'sayfa\'])){\r\n                        $sayfalar=scandir($sayfalar_klasor,0);\r\n                        unset($sayfalar[0],$sayfalar[1]);\r\n                        \r\n                    $sayfa=$_GET[\'sayfa\'];\r\n\r\n                    if(in_array($sayfa.\'.php\', $sayfalar)){\r\n                        include($sayfa.\'.php\');\r\n                        \r\n                        \r\n                    }\r\n                    else{\r\n                        echo \'Aradığınız sayfa bulunamadı\';\r\n                    }\r\n                    }\r\n                    else{\r\n                        include(\'content.php\');\r\n\r\n                    }\r\n\r\n\r\n    ?>                                  \r\n           \r\n</tr>    \r\n</table> 	  	 \r\n</body> 	 \r\n</html>\r\n', '<html>\r\n<head>\r\n<script src=\"http://code.jquery.com/jquery-1.11.0.min.js\"></script>\r\n</head> \r\n<body> \r\n<table class=\"data\" border=\"1px\" id=\"data\" cellspacing=\"0\" height=\"100%\" width=\"100%\">          \r\n<tr height=\"20%\">             \r\n<td id=\"header\" colspan=\"5\" style=\"word-break:break-all;\">                 \r\n<div id=\"header\">         \r\n                    <?php include(\'header.php\'); ?>           \r\n</div> 			\r\n</td>         \r\n</tr>         \r\n<tr> 			\r\n<td id=\"leftbanner\"  rowspan=\"4\" width=\"20%\" valign=\"top\" style=\"word-break:break-all;\">\r\n<div id=\"leftbanner\">  \r\n                <?php include(\'leftbanner.php\'); ?>             \r\n</div> 			\r\n</td> 			\r\n  \r\n	<?php\r\n\r\n                    $sayfalar_klasor=\'editorsayfalari/\';\r\n\r\n                    if(!empty($_GET[\'sayfa\'])){\r\n                        $sayfalar=scandir($sayfalar_klasor,0);\r\n                        unset($sayfalar[0],$sayfalar[1]);\r\n                        \r\n                    $sayfa=$_GET[\'sayfa\'];\r\n\r\n                    if(in_array($sayfa.\'.php\', $sayfalar)){\r\n                        include($sayfa.\'.php\');\r\n                        \r\n                        \r\n                    }\r\n                    else{\r\n                        echo \'Aradığınız sayfa bulunamadı\';\r\n                    }\r\n                    }\r\n                    else{\r\n                        include(\'content.php\');\r\n\r\n                    }\r\n\r\n\r\n    ?>                                  \r\n           \r\n</tr>    \r\n</table> 	  	 \r\n</body> 	 \r\n</html>\r\n'),
(4, 'sablon4', 'Desing\\Pictures\\Sablon\\sablon4.png', 'sablon4.php', '<html>\r\n<head>\r\n<script src=\"http://code.jquery.com/jquery-1.11.0.min.js\"></script>\r\n</head>\r\n<body>\r\n<table class=\"data\" id=\"data\" border=\"0\" cellspacing=\"1\" height=\"100%\" width=\"100%\">\r\n        <tr height=\"30%\">\r\n            <td id=\"header\" colspan=\"6\">\r\n			<div id=\"header\">\r\n                  <?php include \'header.php\'; ?>\r\n                </div>\r\n			</td>\r\n        </tr>\r\n	 <tr>\r\n			<div>\r\n            <?php\r\n\r\n                $sayfalar_klasor=\'./\';\r\n\r\n                if(!empty($_GET[\'sayfa\'])){\r\n                    $sayfalar=scandir($sayfalar_klasor,0);\r\n                    unset($sayfalar[0],$sayfalar[1]);\r\n                    \r\n                $sayfa=$_GET[\'sayfa\'];\r\n                if(in_array($sayfa.\'.php\', $sayfalar)){\r\n                    include $sayfa.\'.php\'; \r\n                    \r\n                    \r\n                }\r\n                else{\r\n                    echo \'Aradýðýnýz sayfa bulunamadý\';\r\n                }\r\n                  \r\n              \r\n                }\r\n                else{\r\n                    include \'content.php\';\r\n                }\r\n                ?>\r\n			</div>\r\n        </tr>\r\n		<tr height=\"20%\">\r\n            <td id=\"bar1\" width=\"20%\">\r\n			<div id=\"bar1\">\r\n			 <?php include \'bar1.php\'; ?>\r\n			</div>\r\n			</td>\r\n			<td id=\"bar2\" width=\"20%\">\r\n			<div id=\"bar2\">\r\n			 <?php include \'bar2.php\'; ?>\r\n			</div>\r\n			</td>\r\n			<td id=\"bar3\" colspan=\"2\" width=\"20%\">\r\n			<div id=\"bar3\">\r\n			 <?php include \'bar3.php\'; ?>\r\n			</div>\r\n			</td>\r\n			<td id=\"bar4\" width=\"20%\">\r\n			<div id=\"bar4\">\r\n			 <?php include \'bar4.php\'; ?>\r\n			</div>\r\n			</td>\r\n            <td id=\"bar5\" width=\"20%\">\r\n			<div id=\"bar5\">\r\n			 <?php include \'bar5.php\'; ?>\r\n			</div>\r\n			</td>\r\n\r\n        </tr>\r\n   </table>\r\n</body>\r\n</html>', '<html>\r\n<head>\r\n<script src=\"http://code.jquery.com/jquery-1.11.0.min.js\"></script>\r\n</head>\r\n<body>\r\n<table class=\"data\" border=\"1px\" id=\"data\" cellspacing=\"0\" height=\"100%\" width=\"100%\"> \r\n        <tr height=\"30%\">\r\n            <td id=\"header\" colspan=\"6\">\r\n			<div id=\"header\">\r\n                  <?php include \'header.php\'; ?>\r\n                </div>\r\n			</td>\r\n        </tr>\r\n	 <tr>\r\n			<div>\r\n            <?php\r\n\r\n                $sayfalar_klasor=\'./\';\r\n\r\n                if(!empty($_GET[\'sayfa\'])){\r\n                    $sayfalar=scandir($sayfalar_klasor,0);\r\n                    unset($sayfalar[0],$sayfalar[1]);\r\n                    \r\n                $sayfa=$_GET[\'sayfa\'];\r\n                if(in_array($sayfa.\'.php\', $sayfalar)){\r\n                    include $sayfa.\'.php\'; \r\n                    \r\n                    \r\n                }\r\n                else{\r\n                    echo \'Aradýðýnýz sayfa bulunamadý\';\r\n                }\r\n                  \r\n              \r\n                }\r\n                else{\r\n                    include \'content.php\';\r\n                }\r\n                ?>\r\n			</div>\r\n        </tr>\r\n		<tr height=\"20%\">\r\n            <td id=\"bar1\" width=\"20%\">\r\n			<div id=\"bar1\">\r\n			 <?php include \'bar1.php\'; ?>\r\n			</div>\r\n			</td>\r\n			<td id=\"bar2\" width=\"20%\">\r\n			<div id=\"bar2\">\r\n			 <?php include \'bar2.php\'; ?>\r\n			</div>\r\n			</td>\r\n			<td id=\"bar3\" colspan=\"2\" width=\"20%\">\r\n			<div id=\"bar3\">\r\n			 <?php include \'bar3.php\'; ?>\r\n			</div>\r\n			</td>\r\n			<td id=\"bar4\" width=\"20%\">\r\n			<div id=\"bar4\">\r\n			 <?php include \'bar4.php\'; ?>\r\n			</div>\r\n			</td>\r\n            <td id=\"bar5\" width=\"20%\">\r\n			<div id=\"bar5\">\r\n			 <?php include \'bar5.php\'; ?>\r\n			</div>\r\n			</td>\r\n\r\n        </tr>\r\n   </table>\r\n</body>\r\n</html>'),
(5, 'sablon5', 'Desing\\Pictures\\Sablon\\sablon5.png', 'sablon5.php', '<html> \r\n<head>\r\n<script src=\"http://code.jquery.com/jquery-1.11.0.min.js\"></script>\r\n</head>\r\n<body>\r\n<table class=\"data\" id=\"data\" border=\"0\" cellspacing=\"1\" height=\"100%\" width=\"100%\">\r\n<tr>\r\n<td id=\"littleheader\" colspan=\"6\" height=\"10%\">\r\n<div id=\"littleheader\">\r\n	<?php include \'littleheader.php\'; ?>\r\n</div>\r\n</td>\r\n</tr>\r\n        <tr>\r\n            \r\n            <?php\r\n\r\n                $sayfalar_klasor=\'./\';\r\n\r\n                if(!empty($_GET[\'sayfa\'])){\r\n                    $sayfalar=scandir($sayfalar_klasor,0);\r\n                    unset($sayfalar[0],$sayfalar[1]);\r\n                    \r\n                $sayfa=$_GET[\'sayfa\'];\r\n                if(in_array($sayfa.\'.php\', $sayfalar)){\r\n                    include $sayfa.\'.php\'; \r\n                    \r\n                    \r\n                }\r\n                else{\r\n                    echo \'Aradýðýnýz sayfa bulunamadý\';\r\n                }\r\n                  \r\n              \r\n                }\r\n                else{\r\n                    include \'content.php\';\r\n                }\r\n                ?>\r\n\r\n       </tr>\r\n   </table>\r\n</body>\r\n</html>', '<html> \r\n<head>\r\n<script src=\"http://code.jquery.com/jquery-1.11.0.min.js\"></script>\r\n</head>\r\n<body>\r\n<table class=\"data\" border=\"1px\" id=\"data\" cellspacing=\"0\" height=\"100%\" width=\"100%\"> \r\n<tr>\r\n<td id=\"littleheader\" colspan=\"6\" height=\"10%\">\r\n<div id=\"littleheader\">\r\n	<?php include \'littleheader.php\'; ?>\r\n</div>\r\n</td>\r\n</tr>\r\n        <tr>\r\n            \r\n            <?php\r\n\r\n                $sayfalar_klasor=\'./\';\r\n\r\n                if(!empty($_GET[\'sayfa\'])){\r\n                    $sayfalar=scandir($sayfalar_klasor,0);\r\n                    unset($sayfalar[0],$sayfalar[1]);\r\n                    \r\n                $sayfa=$_GET[\'sayfa\'];\r\n                if(in_array($sayfa.\'.php\', $sayfalar)){\r\n                    include $sayfa.\'.php\'; \r\n                    \r\n                    \r\n                }\r\n                else{\r\n                    echo \'Aradýðýnýz sayfa bulunamadý\';\r\n                }\r\n                  \r\n              \r\n                }\r\n                else{\r\n                    include \'content.php\';\r\n                }\r\n                ?>\r\n\r\n       </tr>\r\n   </table>\r\n</body>\r\n</html>'),
(6, 'sablon6', 'Desing\\Pictures\\Sablon\\sablon6.png', 'sablon6.php', '<html>\r\n<head>\r\n<script src=\"http://code.jquery.com/jquery-1.11.0.min.js\"></script>\r\n</head>\r\n<body>\r\n<table class=\"data\" id=\"data\" border=\"0\" cellspacing=\"1\" height=\"100%\" width=\"100%\">\r\n<tr>\r\n<td id=\"leftbanner\" valign=\"top\" width=\"20%\" rowspan=\"5\">\r\n<div id=\"leftbanner\">\r\n	<?php include \'leftbanner.php\'; ?>\r\n</div>\r\n</td>\r\n<td id=\"header\">\r\n<div id=\"header\">\r\n	<?php include \'header.php\'; ?>\r\n</div>\r\n\r\n</td>\r\n</tr>\r\n        <tr>\r\n            <?php\r\n\r\n                $sayfalar_klasor=\'./\';\r\n\r\n                if(!empty($_GET[\'sayfa\'])){\r\n                    $sayfalar=scandir($sayfalar_klasor,0);\r\n                    unset($sayfalar[0],$sayfalar[1]);\r\n                    \r\n                $sayfa=$_GET[\'sayfa\'];\r\n                if(in_array($sayfa.\'.php\', $sayfalar)){\r\n                    include $sayfa.\'.php\'; \r\n                    \r\n                    \r\n                }\r\n                else{\r\n                    echo \'Aradýðýnýz sayfa bulunamadý\';\r\n                }\r\n                  \r\n              \r\n                }\r\n                else{\r\n                    include \'content.php\';\r\n                }\r\n                ?>\r\n\r\n       </tr>\r\n   </table>\r\n</body>\r\n</html>', '<html>\r\n<head>\r\n<script src=\"http://code.jquery.com/jquery-1.11.0.min.js\"></script>\r\n</head>\r\n<body>\r\n<table class=\"data\" border=\"1px\" id=\"data\" cellspacing=\"0\" height=\"100%\" width=\"100%\"> \r\n<tr>\r\n<td id=\"leftbanner\" valign=\"top\" width=\"20%\" rowspan=\"5\">\r\n<div id=\"leftbanner\">\r\n	<?php include \'leftbanner.php\'; ?>\r\n</div>\r\n</td>\r\n<td id=\"header\">\r\n<div id=\"header\">\r\n	<?php include \'header.php\'; ?>\r\n</div>\r\n\r\n</td>\r\n</tr>\r\n        <tr>\r\n            <?php\r\n\r\n                $sayfalar_klasor=\'./\';\r\n\r\n                if(!empty($_GET[\'sayfa\'])){\r\n                    $sayfalar=scandir($sayfalar_klasor,0);\r\n                    unset($sayfalar[0],$sayfalar[1]);\r\n                    \r\n                $sayfa=$_GET[\'sayfa\'];\r\n                if(in_array($sayfa.\'.php\', $sayfalar)){\r\n                    include $sayfa.\'.php\'; \r\n                    \r\n                    \r\n                }\r\n                else{\r\n                    echo \'Aradýðýnýz sayfa bulunamadý\';\r\n                }\r\n                  \r\n              \r\n                }\r\n                else{\r\n                    include \'content.php\';\r\n                }\r\n                ?>\r\n\r\n       </tr>\r\n   </table>\r\n</body>\r\n</html>'),
(7, 'sablon7', 'Desing\\Pictures\\Sablon\\sablon7.png', 'sablon7.php', '<html>\r\n<head>\r\n<script src=\"http://code.jquery.com/jquery-1.11.0.min.js\"></script>\r\n</head>\r\n<body>\r\n<table class=\"data\" id=\"data\" border=\"0\" cellspacing=\"1\" height=\"100%\" width=\"100%\">\r\n<tr>\r\n\r\n<td id=\"header\" height=\"25%\">\r\n<div id=\"header\">\r\n	<?php include \'header.php\'; ?>\r\n</div>\r\n</td>\r\n</tr>\r\n        <tr>\r\n\r\n            <?php\r\n\r\n                $sayfalar_klasor=\'./\';\r\n\r\n                if(!empty($_GET[\'sayfa\'])){\r\n                    $sayfalar=scandir($sayfalar_klasor,0);\r\n                    unset($sayfalar[0],$sayfalar[1]);\r\n                    \r\n                $sayfa=$_GET[\'sayfa\'];\r\n                if(in_array($sayfa.\'.php\', $sayfalar)){\r\n                    include $sayfa.\'.php\'; \r\n                    \r\n                    \r\n                }\r\n                else{\r\n                    echo \'Aradýðýnýz sayfa bulunamadý\';\r\n                }\r\n                  \r\n              \r\n                }\r\n                else{\r\n                    include \'content.php\';\r\n                }\r\n                ?>\r\n\r\n       </tr>\r\n	   <tr>\r\n	   <td id=\"footer\" height=\"25%\">\r\n<div id=\"footer\">\r\n	<?php include \'footer.php\'; ?>\r\n</div>\r\n</td>\r\n	   </tr>\r\n   </table>\r\n</body>\r\n</html>', '<html>\r\n<head>\r\n<script src=\"http://code.jquery.com/jquery-1.11.0.min.js\"></script>\r\n</head>\r\n<body>\r\n<table class=\"data\" border=\"1px\" id=\"data\" cellspacing=\"0\" height=\"100%\" width=\"100%\"> \r\n<tr>\r\n\r\n<td id=\"header\" height=\"25%\">\r\n<div id=\"header\">\r\n	<?php include \'header.php\'; ?>\r\n</div>\r\n</td>\r\n</tr>\r\n        <tr>\r\n\r\n            <?php\r\n\r\n                $sayfalar_klasor=\'./\';\r\n\r\n                if(!empty($_GET[\'sayfa\'])){\r\n                    $sayfalar=scandir($sayfalar_klasor,0);\r\n                    unset($sayfalar[0],$sayfalar[1]);\r\n                    \r\n                $sayfa=$_GET[\'sayfa\'];\r\n                if(in_array($sayfa.\'.php\', $sayfalar)){\r\n                    include $sayfa.\'.php\'; \r\n                    \r\n                    \r\n                }\r\n                else{\r\n                    echo \'Aradýðýnýz sayfa bulunamadý\';\r\n                }\r\n                  \r\n              \r\n                }\r\n                else{\r\n                    include \'content.php\';\r\n                }\r\n                ?>\r\n\r\n       </tr>\r\n	   <tr>\r\n	   <td id=\"footer\" height=\"25%\">\r\n<div id=\"footer\">\r\n	<?php include \'footer.php\'; ?>\r\n</div>\r\n</td>\r\n	   </tr>\r\n   </table>\r\n</body>\r\n</html>'),
(8, 'sablon8', 'Desing\\Pictures\\Sablon\\sablon8.png', 'sablon8.php', '<html> \r\n<head>\r\n<script src=\"http://code.jquery.com/jquery-1.11.0.min.js\"></script>\r\n</head>\r\n<body>\r\n<table class=\"data\" id=\"data\" border=\"0\" cellspacing=\"1\" height=\"100%\" width=\"100%\">\r\n<tr>\r\n<td id=\"littleheader\" colspan=\"6\" height=\"10%\">\r\n<div id=\"littleheader\">\r\n	<?php include \'littleheader.php\'; ?>\r\n</div>\r\n</td>\r\n</tr>\r\n        <tr>\r\n            \r\n            <?php\r\n\r\n                $sayfalar_klasor=\'./\';\r\n\r\n                if(!empty($_GET[\'sayfa\'])){\r\n                    $sayfalar=scandir($sayfalar_klasor,0);\r\n                    unset($sayfalar[0],$sayfalar[1]);\r\n                    \r\n                $sayfa=$_GET[\'sayfa\'];\r\n                if(in_array($sayfa.\'.php\', $sayfalar)){\r\n                    include $sayfa.\'.php\'; \r\n                    \r\n                    \r\n                }\r\n                else{\r\n                    echo \'Aradýðýnýz sayfa bulunamadý\';\r\n                }\r\n                  \r\n              \r\n                }\r\n                else{\r\n                    include \'content.php\';\r\n                }\r\n                ?>\r\n\r\n       </tr>\r\n   </table>\r\n</body>\r\n</html>', '<html> \r\n<head>\r\n<script src=\"http://code.jquery.com/jquery-1.11.0.min.js\"></script>\r\n</head>\r\n<body>\r\n<table class=\"data\" border=\"1px\" id=\"data\" cellspacing=\"0\" height=\"100%\" width=\"100%\"> \r\n<tr>\r\n<td id=\"littleheader\" colspan=\"6\" height=\"10%\">\r\n<div id=\"littleheader\">\r\n	<?php include \'littleheader.php\'; ?>\r\n</div>\r\n</td>\r\n</tr>\r\n        <tr>\r\n            \r\n            <?php\r\n\r\n                $sayfalar_klasor=\'./\';\r\n\r\n                if(!empty($_GET[\'sayfa\'])){\r\n                    $sayfalar=scandir($sayfalar_klasor,0);\r\n                    unset($sayfalar[0],$sayfalar[1]);\r\n                    \r\n                $sayfa=$_GET[\'sayfa\'];\r\n                if(in_array($sayfa.\'.php\', $sayfalar)){\r\n                    include $sayfa.\'.php\'; \r\n                    \r\n                    \r\n                }\r\n                else{\r\n                    echo \'Aradýðýnýz sayfa bulunamadý\';\r\n                }\r\n                  \r\n              \r\n                }\r\n                else{\r\n                    include \'content.php\';\r\n                }\r\n                ?>\r\n\r\n       </tr>\r\n   </table>\r\n</body>\r\n</html>'),
(9, 'sablon9', 'Desing\\Pictures\\Sablon\\sablon9.png', 'sablon9.php', '<html> \r\n<head>\r\n<script src=\"http://code.jquery.com/jquery-1.11.0.min.js\"></script>\r\n</head>\r\n<body>\r\n<table class=\"data\" id=\"data\" border=\"0\" cellspacing=\"1\" height=\"100%\" width=\"100%\">\r\n<tr>\r\n<td id=\"littleheader\" colspan=\"3\" height=\"10%\">\r\n<div id=\"littleheader\">\r\n	<?php include \'littleheader.php\'; ?>\r\n</div>\r\n</td>\r\n</tr>\r\n		<tr>\r\n\r\n            <?php\r\n\r\n                $sayfalar_klasor=\'./\';\r\n\r\n                if(!empty($_GET[\'sayfa\'])){\r\n                    $sayfalar=scandir($sayfalar_klasor,0);\r\n                    unset($sayfalar[0],$sayfalar[1]);\r\n                    \r\n                $sayfa=$_GET[\'sayfa\'];\r\n                if(in_array($sayfa.\'.php\', $sayfalar)){\r\n                    include $sayfa.\'.php\'; \r\n                    \r\n                    \r\n                }\r\n                else{\r\n                    echo \'Aradýðýnýz sayfa bulunamadý\';\r\n                }\r\n                  \r\n              \r\n                }\r\n                else{\r\n                    include \'content.php\';\r\n                }\r\n                ?>\r\n\r\n       </tr>\r\n   </table>\r\n</body>\r\n</html>', '<html> \r\n<head>\r\n<script src=\"http://code.jquery.com/jquery-1.11.0.min.js\"></script>\r\n</head>\r\n<body>\r\n<table class=\"data\" border=\"1px\" id=\"data\" cellspacing=\"0\" height=\"100%\" width=\"100%\"> \r\n<tr>\r\n<td id=\"littleheader\" colspan=\"3\" height=\"10%\">\r\n<div id=\"littleheader\">\r\n	<?php include \'littleheader.php\'; ?>\r\n</div>\r\n</td>\r\n</tr>\r\n		<tr>\r\n\r\n            <?php\r\n\r\n                $sayfalar_klasor=\'./\';\r\n\r\n                if(!empty($_GET[\'sayfa\'])){\r\n                    $sayfalar=scandir($sayfalar_klasor,0);\r\n                    unset($sayfalar[0],$sayfalar[1]);\r\n                    \r\n                $sayfa=$_GET[\'sayfa\'];\r\n                if(in_array($sayfa.\'.php\', $sayfalar)){\r\n                    include $sayfa.\'.php\'; \r\n                    \r\n                    \r\n                }\r\n                else{\r\n                    echo \'Aradýðýnýz sayfa bulunamadý\';\r\n                }\r\n                  \r\n              \r\n                }\r\n                else{\r\n                    include \'content.php\';\r\n                }\r\n                ?>\r\n\r\n       </tr>\r\n   </table>\r\n</body>\r\n</html>'),
(10, 'sablon10', 'Desing\\Pictures\\Sablon\\sablon10.png', 'sablon10.php', '<html> \r\n<head>\r\n<script src=\"http://code.jquery.com/jquery-1.11.0.min.js\"></script>\r\n</head>\r\n<body>\r\n<table class=\"data\" id=\"data\" border=\"0\" cellspacing=\"1\" height=\"100%\" width=\"100%\">\r\n<tr>\r\n<td id=\"littleheader\" colspan=\"2\" height=\"10%\">\r\n<div id=\"littleheader\">\r\n	<?php include \'littleheader.php\'; ?>\r\n</div>\r\n</td>\r\n</tr>\r\n		<tr>\r\n\r\n\r\n\r\n            <?php\r\n\r\n                $sayfalar_klasor=\'./\';\r\n\r\n                if(!empty($_GET[\'sayfa\'])){\r\n                    $sayfalar=scandir($sayfalar_klasor,0);\r\n                    unset($sayfalar[0],$sayfalar[1]);\r\n                    \r\n                $sayfa=$_GET[\'sayfa\'];\r\n                if(in_array($sayfa.\'.php\', $sayfalar)){\r\n                    include $sayfa.\'.php\'; \r\n                    \r\n                    \r\n                }\r\n                else{\r\n                    echo \'Aradýðýnýz sayfa bulunamadý\';\r\n                }\r\n                  \r\n              \r\n                }\r\n                else{\r\n                    include \'content.php\';\r\n                }\r\n                ?>\r\n\r\n       </tr>\r\n   </table>\r\n</body>\r\n</html>', '<html> \r\n<head>\r\n<script src=\"http://code.jquery.com/jquery-1.11.0.min.js\"></script>\r\n</head>\r\n<body>\r\n<table class=\"data\" border=\"1px\" id=\"data\" cellspacing=\"0\" height=\"100%\" width=\"100%\"> \r\n<tr>\r\n<td id=\"littleheader\" colspan=\"2\" height=\"10%\">\r\n<div id=\"littleheader\">\r\n	<?php include \'littleheader.php\'; ?>\r\n</div>\r\n</td>\r\n</tr>\r\n		<tr>\r\n\r\n\r\n\r\n            <?php\r\n\r\n                $sayfalar_klasor=\'./\';\r\n\r\n                if(!empty($_GET[\'sayfa\'])){\r\n                    $sayfalar=scandir($sayfalar_klasor,0);\r\n                    unset($sayfalar[0],$sayfalar[1]);\r\n                    \r\n                $sayfa=$_GET[\'sayfa\'];\r\n                if(in_array($sayfa.\'.php\', $sayfalar)){\r\n                    include $sayfa.\'.php\'; \r\n                    \r\n                    \r\n                }\r\n                else{\r\n                    echo \'Aradýðýnýz sayfa bulunamadý\';\r\n                }\r\n                  \r\n              \r\n                }\r\n                else{\r\n                    include \'content.php\';\r\n                }\r\n                ?>\r\n\r\n       </tr>\r\n   </table>\r\n</body>\r\n</html>'),
(11, 'sablon11', 'Desing\\Pictures\\Sablon\\sablon11.png', 'sablon11.php', '<html> \r\n<head>\r\n<script src=\"http://code.jquery.com/jquery-1.11.0.min.js\"></script>\r\n</head>\r\n<body>\r\n<table class=\"data\" id=\"data\" border=\"0\" cellspacing=\"1\" height=\"100%\" width=\"100%\">\r\n<tr>\r\n<td id=\"littleheader\" colspan=\"4\" height=\"10%\">\r\n<div id=\"littleheader\">\r\n	<?php include \'littleheader.php\'; ?>\r\n</div>\r\n</td>\r\n<td id=\"leftbanner\" valign=\"top\" rowspan=\"4\">\r\n<div id=\"leftbanner\">\r\n	<?php include \'leftbanner.php\'; ?>\r\n</div>\r\n</td>\r\n</tr>\r\n        <tr>\r\n           \r\n            <?php\r\n\r\n                $sayfalar_klasor=\'./\';\r\n\r\n                if(!empty($_GET[\'sayfa\'])){\r\n                    $sayfalar=scandir($sayfalar_klasor,0);\r\n                    unset($sayfalar[0],$sayfalar[1]);\r\n                    \r\n                $sayfa=$_GET[\'sayfa\'];\r\n                if(in_array($sayfa.\'.php\', $sayfalar)){\r\n                    include $sayfa.\'.php\'; \r\n                    \r\n                    \r\n                }\r\n                else{\r\n                    echo \'Aradýðýnýz sayfa bulunamadý\';\r\n                }\r\n                  \r\n              \r\n                }\r\n                else{\r\n                    include \'content.php\';\r\n                }\r\n                ?>\r\n\r\n       </tr>\r\n   </table>\r\n</body>\r\n</html>', '<html> \r\n<head>\r\n<script src=\"http://code.jquery.com/jquery-1.11.0.min.js\"></script>\r\n</head>\r\n<body>\r\n<table class=\"data\" border=\"1px\" id=\"data\" cellspacing=\"0\" height=\"100%\" width=\"100%\"> \r\n<tr>\r\n<td id=\"littleheader\" colspan=\"4\" height=\"10%\">\r\n<div id=\"littleheader\">\r\n	<?php include \'littleheader.php\'; ?>\r\n</div>\r\n</td>\r\n<td id=\"leftbanner\" valign=\"top\" rowspan=\"4\">\r\n<div id=\"leftbanner\">\r\n	<?php include \'leftbanner.php\'; ?>\r\n</div>\r\n</td>\r\n</tr>\r\n        <tr>\r\n           \r\n            <?php\r\n\r\n                $sayfalar_klasor=\'./\';\r\n\r\n                if(!empty($_GET[\'sayfa\'])){\r\n                    $sayfalar=scandir($sayfalar_klasor,0);\r\n                    unset($sayfalar[0],$sayfalar[1]);\r\n                    \r\n                $sayfa=$_GET[\'sayfa\'];\r\n                if(in_array($sayfa.\'.php\', $sayfalar)){\r\n                    include $sayfa.\'.php\'; \r\n                    \r\n                    \r\n                }\r\n                else{\r\n                    echo \'Aradýðýnýz sayfa bulunamadý\';\r\n                }\r\n                  \r\n              \r\n                }\r\n                else{\r\n                    include \'content.php\';\r\n                }\r\n                ?>\r\n\r\n       </tr>\r\n   </table>\r\n</body>\r\n</html>'),
(12, 'sablon12', 'Desing\\Pictures\\Sablon\\sablon12.png', 'sablon12.php', '<html> \r\n<head>\r\n<script src=\"http://code.jquery.com/jquery-1.11.0.min.js\"></script>\r\n</head>\r\n<body>\r\n<table class=\"data\" id=\"data\" border=\"0\" cellspacing=\"1\" height=\"100%\" width=\"100%\">\r\n<tr>\r\n<td id=\"littleheader\" colspan=\"2\" height=\"10%\">\r\n<div id=\"littleheader\">\r\n	<?php include \'littleheader.php\'; ?>\r\n</div>\r\n</td>\r\n</tr>\r\n		\r\n<tr>\r\n\r\n\r\n            <?php\r\n\r\n                $sayfalar_klasor=\'./\';\r\n\r\n                if(!empty($_GET[\'sayfa\'])){\r\n                    $sayfalar=scandir($sayfalar_klasor,0);\r\n                    unset($sayfalar[0],$sayfalar[1]);\r\n                    \r\n                $sayfa=$_GET[\'sayfa\'];\r\n                if(in_array($sayfa.\'.php\', $sayfalar)){\r\n                    include $sayfa.\'.php\'; \r\n                    \r\n                    \r\n                }\r\n                else{\r\n                    echo \'Aradýðýnýz sayfa bulunamadý\';\r\n                }\r\n                  \r\n              \r\n                }\r\n                else{\r\n                    include \'content.php\';\r\n                }\r\n                ?>\r\n\r\n       </tr>\r\n   </table>\r\n</body>\r\n</html>', '<html> \r\n<head>\r\n<script src=\"http://code.jquery.com/jquery-1.11.0.min.js\"></script>\r\n</head>\r\n<body>\r\n<table class=\"data\" border=\"1px\" id=\"data\" cellspacing=\"0\" height=\"100%\" width=\"100%\"> \r\n<tr>\r\n<td id=\"littleheader\" colspan=\"2\" height=\"10%\">\r\n<div id=\"littleheader\">\r\n	<?php include \'littleheader.php\'; ?>\r\n</div>\r\n</td>\r\n</tr>\r\n		\r\n<tr>\r\n\r\n\r\n            <?php\r\n\r\n                $sayfalar_klasor=\'./\';\r\n\r\n                if(!empty($_GET[\'sayfa\'])){\r\n                    $sayfalar=scandir($sayfalar_klasor,0);\r\n                    unset($sayfalar[0],$sayfalar[1]);\r\n                    \r\n                $sayfa=$_GET[\'sayfa\'];\r\n                if(in_array($sayfa.\'.php\', $sayfalar)){\r\n                    include $sayfa.\'.php\'; \r\n                    \r\n                    \r\n                }\r\n                else{\r\n                    echo \'Aradýðýnýz sayfa bulunamadý\';\r\n                }\r\n                  \r\n              \r\n                }\r\n                else{\r\n                    include \'content.php\';\r\n                }\r\n                ?>\r\n\r\n       </tr>\r\n   </table>\r\n</body>\r\n</html>'),
(13, 'sablon13', 'Desing\\Pictures\\Sablon\\sablon13.png', 'sablon13.php', '<html> \r\n<head>\r\n<script src=\"http://code.jquery.com/jquery-1.11.0.min.js\"></script>\r\n</head>\r\n<body>\r\n<table class=\"data\" id=\"data\" border=\"0\" cellspacing=\"1\" height=\"100%\" width=\"100%\">\r\n<tr>\r\n<td id=\"littleheader\" colspan=\"2\" height=\"8%\">\r\n<div id=\"littleheader\">\r\n	<?php include \'littleheader.php\'; ?>\r\n</div>\r\n</td>\r\n</tr>\r\n<tr>\r\n\r\n\r\n\r\n            <?php\r\n\r\n                $sayfalar_klasor=\'./\';\r\n\r\n                if(!empty($_GET[\'sayfa\'])){\r\n                    $sayfalar=scandir($sayfalar_klasor,0);\r\n                    unset($sayfalar[0],$sayfalar[1]);\r\n                    \r\n                $sayfa=$_GET[\'sayfa\'];\r\n                if(in_array($sayfa.\'.php\', $sayfalar)){\r\n                    include $sayfa.\'.php\'; \r\n                    \r\n                    \r\n                }\r\n                else{\r\n                    echo \'Aradýðýnýz sayfa bulunamadý\';\r\n                }\r\n                  \r\n              \r\n                }\r\n                else{\r\n                    include \'content.php\';\r\n                }\r\n                ?>\r\n\r\n       </tr>\r\n   </table>\r\n</body>\r\n</html>', '<html> \r\n<head>\r\n<script src=\"http://code.jquery.com/jquery-1.11.0.min.js\"></script>\r\n</head>\r\n<body>\r\n<table class=\"data\" border=\"1px\" id=\"data\" cellspacing=\"0\" height=\"100%\" width=\"100%\"> \r\n<tr>\r\n<td id=\"littleheader\" colspan=\"2\" height=\"8%\">\r\n<div id=\"littleheader\">\r\n	<?php include \'littleheader.php\'; ?>\r\n</div>\r\n</td>\r\n</tr>\r\n<tr>\r\n\r\n\r\n\r\n            <?php\r\n\r\n                $sayfalar_klasor=\'./\';\r\n\r\n                if(!empty($_GET[\'sayfa\'])){\r\n                    $sayfalar=scandir($sayfalar_klasor,0);\r\n                    unset($sayfalar[0],$sayfalar[1]);\r\n                    \r\n                $sayfa=$_GET[\'sayfa\'];\r\n                if(in_array($sayfa.\'.php\', $sayfalar)){\r\n                    include $sayfa.\'.php\'; \r\n                    \r\n                    \r\n                }\r\n                else{\r\n                    echo \'Aradýðýnýz sayfa bulunamadý\';\r\n                }\r\n                  \r\n              \r\n                }\r\n                else{\r\n                    include \'content.php\';\r\n                }\r\n                ?>\r\n\r\n       </tr>\r\n   </table>\r\n</body>\r\n</html>'),
(14, 'sablon14', 'Desing\\Pictures\\Sablon\\sablon14.png', 'sablon14.php', '<html>  \r\n<head> \r\n<script src=\"http://code.jquery.com/jquery-1.11.0.min.js\"></script> \r\n</head> \r\n<body> \r\n<table class=\"data\" border=\"0px\" id=\"data\" cellspacing=\"0\" height=\"100%\" width=\"100%\">         \r\n<tr> \r\n<td id=\"leftbanner\" valign=\"top\" rowspan=\"5\" width=\"15%\"> \r\n<div id=\"leftbanner\"> 	<?php include \'leftbanner.php\'; ?> </div> \r\n</td> \r\n<td id=\"header\" height=\"20%\"> \r\n<div id=\"header\"> 	<?php include \'header.php\'; ?> </div> \r\n</td> \r\n<td id=\"leftbanner1\" valign=\"top\" rowspan=\"5\" width=\"15%\"> \r\n<div id=\"leftbanner1\"> 	<?php include \'leftbanner1.php\'; ?> </div> \r\n</td> \r\n</tr> \r\n<tr>              \r\n<?php                  \r\n$sayfalar_klasor=\'./\';                  \r\nif(!empty($_GET[\'sayfa\'])){                     \r\n$sayfalar=scandir($sayfalar_klasor,0);                     \r\nunset($sayfalar[0],$sayfalar[1]);                                      \r\n$sayfa=$_GET[\'sayfa\'];                 \r\nif(in_array($sayfa.\'.php\', $sayfalar)){                     \r\ninclude $sayfa.\'.php\';                                                            \r\n}                 \r\nelse{                     \r\necho \'Aradýðýnýz sayfa bulunamadý\';                 \r\n}                                                   \r\n}                 \r\nelse{                     \r\ninclude \'content.php\';                 \r\n}                 \r\n?>         \r\n</tr>    \r\n</table> \r\n</body> \r\n</html>', '<html>  \r\n<head> \r\n<script src=\"http://code.jquery.com/jquery-1.11.0.min.js\"></script> \r\n</head> \r\n<body> \r\n<table class=\"data\" border=\"1px\" id=\"data\" cellspacing=\"0\" height=\"100%\" width=\"100%\">         \r\n<tr> \r\n<td id=\"leftbanner\" valign=\"top\" rowspan=\"5\" width=\"15%\"> \r\n<div id=\"leftbanner\"> 	<?php include \'leftbanner.php\'; ?> </div> \r\n</td> \r\n<td id=\"header\" height=\"20%\"> \r\n<div id=\"header\"> 	<?php include \'header.php\'; ?> </div> \r\n</td> \r\n<td id=\"leftbanner1\" valign=\"top\" rowspan=\"5\" width=\"15%\"> \r\n<div id=\"leftbanner1\"> 	<?php include \'leftbanner1.php\'; ?> </div> \r\n</td> \r\n</tr> \r\n<tr>              \r\n<?php                  \r\n$sayfalar_klasor=\'./\';                  \r\nif(!empty($_GET[\'sayfa\'])){                     \r\n$sayfalar=scandir($sayfalar_klasor,0);                     \r\nunset($sayfalar[0],$sayfalar[1]);                                      \r\n$sayfa=$_GET[\'sayfa\'];                 \r\nif(in_array($sayfa.\'.php\', $sayfalar)){                     \r\ninclude $sayfa.\'.php\';                                                            \r\n}                 \r\nelse{                     \r\necho \'Aradýðýnýz sayfa bulunamadý\';                 \r\n}                                                   \r\n}                 \r\nelse{                     \r\ninclude \'content.php\';                 \r\n}                 \r\n?>         \r\n</tr>    \r\n</table> \r\n</body> \r\n</html>'),
(15, 'sablon15', 'Desing\\Pictures\\Sablon\\sablon15.png', 'sablon15.php', '<html> \r\n<head> \r\n<script src=\"http://code.jquery.com/jquery-1.11.0.min.js\"></script> \r\n</head> \r\n<body> \r\n<table class=\"data\" border=\"0px\" id=\"data\" cellspacing=\"0\" height=\"100%\" width=\"100%\">         \r\n<tr>  \r\n<td id=\"header\"> \r\n<div id=\"header\"> 	<?php include \'header.php\'; ?> </div> \r\n</td> \r\n<td id=\"leftbanner\" valign=\"top\" width=\"20%\" rowspan=\"5\"> <div id=\"leftbanner\"> 	\r\n<?php include \'leftbanner.php\'; ?> </div> \r\n</td> \r\n</tr>         \r\n<tr>              \r\n<?php                  \r\n$sayfalar_klasor=\'./\';                 \r\n if(!empty($_GET[\'sayfa\'])){                     \r\n $sayfalar=scandir($sayfalar_klasor,0);                     \r\n unset($sayfalar[0],$sayfalar[1]);                                      \r\n $sayfa=$_GET[\'sayfa\'];                 \r\n if(in_array($sayfa.\'.php\', $sayfalar)){                     \r\n include $sayfa.\'.php\';                                                            \r\n }                 \r\n else{                    \r\n echo \'Aradýðýnýz sayfa bulunamadý\';                \r\n }                                             \r\n }            \r\n else{          \r\n include \'content.php\';      \r\n }             \r\n ?>   \r\n </tr>   \r\n </table> \r\n </body> \r\n</html>', '<html> \r\n<head> \r\n<script src=\"http://code.jquery.com/jquery-1.11.0.min.js\"></script> \r\n</head> \r\n<body> \r\n<table class=\"data\" border=\"1px\" id=\"data\" cellspacing=\"0\" height=\"100%\" width=\"100%\">         \r\n<tr>  \r\n<td id=\"header\"> \r\n<div id=\"header\"> 	<?php include \'header.php\'; ?> </div> \r\n</td> \r\n<td id=\"leftbanner\" valign=\"top\" width=\"20%\" rowspan=\"5\"> <div id=\"leftbanner\"> 	\r\n<?php include \'leftbanner.php\'; ?> </div> \r\n</td> \r\n</tr>         \r\n<tr>              \r\n<?php                  \r\n$sayfalar_klasor=\'./\';                 \r\n if(!empty($_GET[\'sayfa\'])){                     \r\n $sayfalar=scandir($sayfalar_klasor,0);                     \r\n unset($sayfalar[0],$sayfalar[1]);                                      \r\n $sayfa=$_GET[\'sayfa\'];                 \r\n if(in_array($sayfa.\'.php\', $sayfalar)){                     \r\n include $sayfa.\'.php\';                                                            \r\n }                 \r\n else{                    \r\n echo \'Aradýðýnýz sayfa bulunamadý\';                \r\n }                                             \r\n }            \r\n else{          \r\n include \'content.php\';      \r\n }             \r\n ?>   \r\n </tr>   \r\n </table> \r\n </body> \r\n</html>');

-- --------------------------------------------------------

--
-- Tablo için tablo yapısı `sablon_altsayfalari`
--

CREATE TABLE `sablon_altsayfalari` (
  `id` int(11) NOT NULL,
  `sablon_id` int(11) NOT NULL,
  `sablon_kod` mediumtext NOT NULL
) ENGINE=InnoDB DEFAULT CHARSET=latin1;

-- --------------------------------------------------------

--
-- Tablo için tablo yapısı `sablon_sayfalari`
--

CREATE TABLE `sablon_sayfalari` (
  `id` int(11) NOT NULL,
  `sablon_id` int(11) NOT NULL,
  `sayfa_adi` varchar(2000) NOT NULL,
  `kod` mediumtext NOT NULL,
  `kod_kullanici` mediumtext NOT NULL
) ENGINE=InnoDB DEFAULT CHARSET=latin1;

--
-- Tablo döküm verisi `sablon_sayfalari`
--

INSERT INTO `sablon_sayfalari` (`id`, `sablon_id`, `sayfa_adi`, `kod`, `kod_kullanici`) VALUES
(1, 3, 'leftbanner', '', ''),
(2, 3, 'content', '<td id=\"content1\" colspan=\"4\" rowspan=\"4\" valign=\"top\" style=\"word-break:break-all;\">  \r\n               <div id=\"content\" >          \r\n                      <?php include \'content1.php\'; ?>    \r\n                                   </div>         \r\n                                           </td>', '<td id=\"content1\" colspan=\"4\" rowspan=\"4\" valign=\"top\" style=\"word-break:break-all;\">  \r\n               <div id=\"content\" >          \r\n                      <?php include \'content1.php\'; ?>    \r\n                                   </div>         \r\n                                           </td>'),
(3, 3, 'header', '', ''),
(4, 2, 'header', '', ''),
(5, 2, 'content', '<td id=\"content1\" valign=\"top\" style=\"word-break:break-all; width:50%;\">\r\n                <div id=\"content1\" >\r\n                <?php include \'content1.php\'; ?>\r\n                </div>\r\n                </td>\r\n                <td id=\"content2\" valign=\"top\" style=\"word-break:break-all; width:50%;\">\r\n                <div id=\"content2\" >\r\n                <?php include \'content2.php\'; ?>\r\n                </div>\r\n                </td> ', '<td id=\"content1\" valign=\"top\" style=\"word-break:break-all; width:50%;\">\r\n                <div id=\"content1\" >\r\n                <?php include \'content1.php\'; ?>\r\n                </div>\r\n                </td>\r\n                <td id=\"content2\" valign=\"top\" style=\"word-break:break-all; width:50%;\">\r\n                <div id=\"content2\" >\r\n                <?php include \'content2.php\'; ?>\r\n                </div>\r\n                </td> '),
(7, 2, 'footer', '', ''),
(8, 2, 'content1', '', ''),
(9, 2, 'content2', '', ''),
(10, 1, 'content', '', ''),
(12, 3, 'content1', '', ''),
(13, 4, 'content', '<td id=\"littleheader\" colspan=\"6\" height=\"10%\" style=\"word-break:break-all;\">\r\n<div id=\"littleheader\">\r\n	<?php include \'littleheader.php\'; ?>\r\n</div>\r\n</td>\r\n</tr>\r\n		 <tr>\r\n	\r\n<td id=\"content1\" valign=\"top\" colspan=\"3\" style=\"word-break:break-all; width:50%;\">\r\n                <div id=\"content1\" >\r\n                <?php include \'content1.php\'; ?>\r\n                </div>\r\n                </td>\r\n                <td id=\"content2\" colspan=\"3\" valign=\"top\" style=\"word-break:break-all; width:50%;\">\r\n                <div id=\"content2\" >\r\n                <?php include \'content2.php\'; ?>\r\n                </div>\r\n                </td> ', '<td id=\"littleheader\" colspan=\"6\" height=\"10%\" style=\"word-break:break-all;\">\r\n<div id=\"littleheader\">\r\n	<?php include \'littleheader.php\'; ?>\r\n</div>\r\n</td>\r\n</tr>\r\n		 <tr>\r\n	\r\n<td id=\"content1\" valign=\"top\" colspan=\"3\" style=\"word-break:break-all; width:50%;\">\r\n                <div id=\"content1\" >\r\n                <?php include \'content1.php\'; ?>\r\n                </div>\r\n                </td>\r\n                <td id=\"content2\" colspan=\"3\" valign=\"top\" style=\"word-break:break-all; width:50%;\">\r\n                <div id=\"content2\" >\r\n                <?php include \'content2.php\'; ?>\r\n                </div>\r\n                </td> '),
(14, 4, 'bar1', '', ''),
(15, 4, 'bar2', '', ''),
(16, 4, 'bar4', '', ''),
(17, 4, 'bar3', '', ''),
(18, 4, 'header', '', ''),
(19, 4, 'content1', '', ''),
(20, 4, 'content2', '', ''),
(21, 4, 'littleheader', '', ''),
(22, 4, 'bar5', '', ''),
(23, 5, 'content', '<td id=\"header\" colspan=\"6\" height=\"30%\">\r\n			<div id=\"header\">\r\n                  <?php include \'header.php\'; ?>\r\n                </div>\r\n			</td>\r\n        </tr>\r\n\r\n		<tr height=\"20%\">\r\n<td id=\"bar1\" width=\"20%\">\r\n			<div id=\"bar1\">\r\n			 <?php include \'bar1.php\'; ?>\r\n			</div>\r\n			</td>\r\n <td id=\"bar2\" width=\"20%\">\r\n			<div id=\"bar2\">\r\n			 <?php include \'bar2.php\'; ?>\r\n			</div>\r\n			</td>\r\n <td id=\"bar3\" width=\"20%\" colspan=\"2\">\r\n			<div id=\"bar3\" >\r\n			 <?php include \'bar3.php\'; ?>\r\n			</div>\r\n			</td>\r\n <td id=\"bar4\" width=\"20%\">\r\n			<div id=\"bar4\">\r\n			 <?php include \'bar4.php\'; ?>\r\n			</div>\r\n			</td>\r\n<td id=\"bar5\" width=\"20%\">\r\n			<div id=\"bar5\">\r\n			 <?php include \'bar5.php\'; ?>\r\n			</div>\r\n			</td>\r\n\r\n        </tr>\r\n		 <tr>\r\n\r\n<td id=\"content1\" valign=\"top\" colspan=\"3\" style=\"word-break:break-all; width:50%;\">\r\n                <div id=\"content1\" >\r\n                <?php include \'content1.php\'; ?>\r\n                </div>\r\n                </td>\r\n                <td id=\"content2\" colspan=\"3\" valign=\"top\" style=\"word-break:break-all; width:50%;\">\r\n                <div id=\"content2\" >\r\n                <?php include \'content2.php\'; ?>\r\n                </div>\r\n                </td> ', '<td id=\"header\" colspan=\"6\" height=\"30%\">\r\n			<div id=\"header\">\r\n                  <?php include \'header.php\'; ?>\r\n                </div>\r\n			</td>\r\n        </tr>\r\n\r\n		<tr height=\"20%\">\r\n<td id=\"bar1\" width=\"20%\">\r\n			<div id=\"bar1\">\r\n			 <?php include \'bar1.php\'; ?>\r\n			</div>\r\n			</td>\r\n <td id=\"bar2\" width=\"20%\">\r\n			<div id=\"bar2\">\r\n			 <?php include \'bar2.php\'; ?>\r\n			</div>\r\n			</td>\r\n <td id=\"bar3\" width=\"20%\" colspan=\"2\">\r\n			<div id=\"bar3\" >\r\n			 <?php include \'bar3.php\'; ?>\r\n			</div>\r\n			</td>\r\n <td id=\"bar4\" width=\"20%\">\r\n			<div id=\"bar4\">\r\n			 <?php include \'bar4.php\'; ?>\r\n			</div>\r\n			</td>\r\n<td id=\"bar5\" width=\"20%\">\r\n			<div id=\"bar5\">\r\n			 <?php include \'bar5.php\'; ?>\r\n			</div>\r\n			</td>\r\n\r\n        </tr>\r\n		 <tr>\r\n\r\n<td id=\"content1\" valign=\"top\" colspan=\"3\" style=\"word-break:break-all; width:50%;\">\r\n                <div id=\"content1\" >\r\n                <?php include \'content1.php\'; ?>\r\n                </div>\r\n                </td>\r\n                <td id=\"content2\" colspan=\"3\" valign=\"top\" style=\"word-break:break-all; width:50%;\">\r\n                <div id=\"content2\" >\r\n                <?php include \'content2.php\'; ?>\r\n                </div>\r\n                </td> '),
(24, 5, 'littleheader', '', ''),
(25, 5, 'bar1', '', ''),
(26, 5, 'bar2', '', ''),
(27, 5, 'bar3', '', ''),
(28, 5, 'bar4', '', ''),
(29, 5, 'bar5', '', ''),
(30, 5, 'content1', '', ''),
(31, 5, 'content2', '', ''),
(32, 5, 'header', '', ''),
(35, 6, 'content', '<td id=\"content1\" valign=\"top\" rowspan=\"4\">\r\n			<div id=\"content1\">\r\n				<?php include \'content1.php\'; ?>\r\n			</div>\r\n			</td>', '<td id=\"content1\" valign=\"top\" rowspan=\"4\"> 			<div id=\"content1\"> 				<?php include \'content1.php\'; ?> 			</div> 			</td>'),
(36, 6, 'content1', '', ''),
(38, 6, 'header', '', ''),
(39, 6, 'leftbanner', '', ''),
(40, 15, 'content', '<td id=\"content1\" valign=\"top\" rowspan=\"4\">\r\n			<div id=\"content1\">\r\n				<?php include \'content1.php\'; ?>\r\n			</div>\r\n			</td>', '<td id=\"content1\" valign=\"top\" rowspan=\"4\">\r\n			<div id=\"content1\">\r\n				<?php include \'content1.php\'; ?>\r\n			</div>\r\n			</td>'),
(41, 15, 'content1', '', ''),
(42, 15, 'header', '', ''),
(43, 15, 'leftbanner', '', ''),
(44, 7, 'content', '<td id=\"content1\" valign=\"top\" height=\"50%\">\r\n<div id=\"content1\">\r\n	<?php include \'content1.php\'; ?>\r\n</div>\r\n</td>', '<td id=\"content1\" valign=\"top\" height=\"50%\">\r\n<div id=\"content1\">\r\n	<?php include \'content1.php\'; ?>\r\n</div>\r\n</td>'),
(45, 7, 'content1', '', ''),
(46, 7, 'header', '', ''),
(47, 7, 'footer', '', ''),
(48, 8, 'content', '<td id=\"bar1\" width=\"20%\" height=\"20%\">\r\n			<div id=\"bar1\">\r\n			 <?php include \'bar1.php\'; ?>\r\n			</div>\r\n			</td>\r\n <td id=\"bar2\" width=\"20%\" height=\"20%\">\r\n			<div id=\"bar2\">\r\n			 <?php include \'bar2.php\'; ?>\r\n			</div>\r\n			</td>\r\n <td id=\"bar3\" width=\"20%\" colspan=\"2\" height=\"20%\">\r\n			<div id=\"bar3\" >\r\n			 <?php include \'bar3.php\'; ?>\r\n			</div>\r\n			</td>\r\n <td id=\"bar4\" width=\"20%\" height=\"20%\">\r\n			<div id=\"bar4\">\r\n			 <?php include \'bar4.php\'; ?>\r\n			</div>\r\n			</td>\r\n<td id=\"bar5\" width=\"20%\" height=\"20%\">\r\n			<div id=\"bar5\">\r\n			 <?php include \'bar5.php\'; ?>\r\n			</div>\r\n			</td>\r\n\r\n        </tr>\r\n		 <tr>\r\n\r\n<td id=\"content1\" valign=\"top\" colspan=\"6\" style=\"word-break:break-all; width:50%;\">\r\n                <div id=\"content1\" >\r\n                <?php include \'content1.php\'; ?>\r\n                </div>\r\n                </td>', '<td id=\"bar1\" width=\"20%\" height=\"20%\">\r\n			<div id=\"bar1\">\r\n			 <?php include \'bar1.php\'; ?>\r\n			</div>\r\n			</td>\r\n <td id=\"bar2\" width=\"20%\" height=\"20%\">\r\n			<div id=\"bar2\">\r\n			 <?php include \'bar2.php\'; ?>\r\n			</div>\r\n			</td>\r\n <td id=\"bar3\" width=\"20%\" colspan=\"2\" height=\"20%\">\r\n			<div id=\"bar3\" >\r\n			 <?php include \'bar3.php\'; ?>\r\n			</div>\r\n			</td>\r\n <td id=\"bar4\" width=\"20%\" height=\"20%\">\r\n			<div id=\"bar4\">\r\n			 <?php include \'bar4.php\'; ?>\r\n			</div>\r\n			</td>\r\n<td id=\"bar5\" width=\"20%\" height=\"20%\">\r\n			<div id=\"bar5\">\r\n			 <?php include \'bar5.php\'; ?>\r\n			</div>\r\n			</td>\r\n\r\n        </tr>\r\n		 <tr>\r\n\r\n<td id=\"content1\" valign=\"top\" colspan=\"6\" style=\"word-break:break-all; width:50%;\">\r\n                <div id=\"content1\" >\r\n                <?php include \'content1.php\'; ?>\r\n                </div>\r\n                </td>'),
(49, 8, 'littleheader', '', ''),
(50, 8, 'bar1', '', ''),
(51, 8, 'bar2', '', ''),
(52, 8, 'bar3', '', ''),
(53, 8, 'bar4', '', ''),
(55, 8, 'bar5', '', ''),
(56, 8, 'content1', '', ''),
(57, 9, 'content', '<td id=\"header\" colspan=\"3\" height=\"30%\">\r\n<div id=\"header\">\r\n	<?php include \'header.php\'; ?>\r\n</div>\r\n</td>\r\n</tr>\r\n<tr>\r\n<td id=\"content1\" valign=\"top\" height=\"60%\">\r\n<div id=\"content1\">\r\n	<?php include \'content1.php\'; ?>\r\n</div>\r\n</td>\r\n<td id=\"content2\" valign=\"top\" height=\"60%\">\r\n<div id=\"content2\">\r\n	<?php include \'content2.php\'; ?>\r\n</div>\r\n</td>\r\n<td id=\"content3\" valign=\"top\" height=\"60%\">\r\n<div id=\"content3\">\r\n	<?php include \'content3.php\'; ?>\r\n</div>\r\n</td>', '<td id=\"header\" colspan=\"3\" height=\"30%\">\r\n<div id=\"header\">\r\n	<?php include \'header.php\'; ?>\r\n</div>\r\n</td>\r\n</tr>\r\n<tr>\r\n<td id=\"content1\" valign=\"top\" height=\"60%\">\r\n<div id=\"content1\">\r\n	<?php include \'content1.php\'; ?>\r\n</div>\r\n</td>\r\n<td id=\"content2\" valign=\"top\" height=\"60%\">\r\n<div id=\"content2\">\r\n	<?php include \'content2.php\'; ?>\r\n</div>\r\n</td>\r\n<td id=\"content3\" valign=\"top\" height=\"60%\">\r\n<div id=\"content3\">\r\n	<?php include \'content3.php\'; ?>\r\n</div>\r\n</td>'),
(58, 9, 'header', '', ''),
(59, 9, 'content1', '', ''),
(60, 9, 'content2', '', ''),
(61, 9, 'content3', '', ''),
(62, 9, 'littleheader', '', ''),
(63, 10, 'content', '<td id=\"header\" colspan=\"2\" height=\"30%\">\r\n<div id=\"header\">\r\n	<?php include \'header.php\'; ?>\r\n</div>\r\n</td>\r\n</tr>\r\n<tr>\r\n<td id=\"content1\" valign=\"top\" height=\"60%\">\r\n<div id=\"content1\">\r\n	<?php include \'content1.php\'; ?>\r\n</div>\r\n</td>\r\n<td id=\"content2\" valign=\"top\" height=\"60%\">\r\n<div id=\"content2\">\r\n	<?php include \'content2.php\'; ?>\r\n</div>\r\n</td>', '<td id=\"header\" colspan=\"2\" height=\"30%\">\r\n<div id=\"header\">\r\n	<?php include \'header.php\'; ?>\r\n</div>\r\n</td>\r\n</tr>\r\n<tr>\r\n<td id=\"content1\" valign=\"top\" height=\"60%\">\r\n<div id=\"content1\">\r\n	<?php include \'content1.php\'; ?>\r\n</div>\r\n</td>\r\n<td id=\"content2\" valign=\"top\" height=\"60%\">\r\n<div id=\"content2\">\r\n	<?php include \'content2.php\'; ?>\r\n</div>\r\n</td>'),
(64, 10, 'littleheader', '', ''),
(65, 10, 'content1', '', ''),
(66, 10, 'content2', '', ''),
(67, 10, 'header', '', ''),
(68, 11, 'content', ' <td id=\"header\" colspan=\"4\" height=\"20%\">\r\n			<div id=\"header\">\r\n                  <?php include \'header.php\'; ?>\r\n                </div>\r\n			</td>\r\n        </tr>\r\n\r\n		<tr height=\"20%\">\r\n<td id=\"bar1\" width=\"20%\">\r\n			<div id=\"bar1\">\r\n			 <?php include \'bar1.php\'; ?>\r\n			</div>\r\n			</td>\r\n <td id=\"bar2\" width=\"20%\">\r\n			<div id=\"bar2\">\r\n			 <?php include \'bar2.php\'; ?>\r\n			</div>\r\n			</td>\r\n <td id=\"bar3\" width=\"20%\">\r\n			<div id=\"bar3\" >\r\n			 <?php include \'bar3.php\'; ?>\r\n			</div>\r\n			</td>\r\n <td id=\"bar4\" width=\"20%\">\r\n			<div id=\"bar4\">\r\n			 <?php include \'bar4.php\'; ?>\r\n			</div>\r\n			</td>\r\n\r\n\r\n        </tr>\r\n		        <tr>\r\n            <td id=\"footer\" colspan=\"4\" height=\"20%\">\r\n			<div id=\"footer\">\r\n                  <?php include \'footer.php\'; ?>\r\n                </div>\r\n			</td>', ' <td id=\"header\" colspan=\"4\" height=\"20%\">\r\n			<div id=\"header\">\r\n                  <?php include \'header.php\'; ?>\r\n                </div>\r\n			</td>\r\n        </tr>\r\n\r\n		<tr height=\"20%\">\r\n<td id=\"bar1\" width=\"20%\">\r\n			<div id=\"bar1\">\r\n			 <?php include \'bar1.php\'; ?>\r\n			</div>\r\n			</td>\r\n <td id=\"bar2\" width=\"20%\">\r\n			<div id=\"bar2\">\r\n			 <?php include \'bar2.php\'; ?>\r\n			</div>\r\n			</td>\r\n <td id=\"bar3\" width=\"20%\">\r\n			<div id=\"bar3\" >\r\n			 <?php include \'bar3.php\'; ?>\r\n			</div>\r\n			</td>\r\n <td id=\"bar4\" width=\"20%\">\r\n			<div id=\"bar4\">\r\n			 <?php include \'bar4.php\'; ?>\r\n			</div>\r\n			</td>\r\n\r\n\r\n        </tr>\r\n		        <tr>\r\n            <td id=\"footer\" colspan=\"4\" height=\"20%\">\r\n			<div id=\"footer\">\r\n                  <?php include \'footer.php\'; ?>\r\n                </div>\r\n			</td>'),
(69, 11, 'littleheader', '', ''),
(70, 11, 'header', '', ''),
(71, 11, 'footer', '', ''),
(72, 11, 'bar1', '', ''),
(73, 11, 'bar2', '', ''),
(74, 11, 'bar3', '', ''),
(75, 11, 'bar4', '', ''),
(76, 11, 'leftbanner', '', ''),
(77, 12, 'content', '<td id=\"content1\" valign=\"top\" height=\"60%\">\r\n<div id=\"content1\">\r\n	<?php include \'content1.php\'; ?>\r\n</div>\r\n</td>\r\n<td id=\"content2\" valign=\"top\" height=\"60%\">\r\n<div id=\"content2\">\r\n	<?php include \'content2.php\'; ?>\r\n</div>\r\n</td>\r\n</tr>\r\n<tr>\r\n\r\n<td id=\"footer\" colspan=\"2\" height=\"30%\">\r\n<div id=\"footer\">\r\n	<?php include \'footer.php\'; ?>\r\n</div>\r\n</td>', '<td id=\"content1\" valign=\"top\" height=\"60%\">\r\n<div id=\"content1\">\r\n	<?php include \'content1.php\'; ?>\r\n</div>\r\n</td>\r\n<td id=\"content2\" valign=\"top\" height=\"60%\">\r\n<div id=\"content2\">\r\n	<?php include \'content2.php\'; ?>\r\n</div>\r\n</td>\r\n</tr>\r\n<tr>\r\n\r\n<td id=\"footer\" colspan=\"2\" height=\"30%\">\r\n<div id=\"footer\">\r\n	<?php include \'footer.php\'; ?>\r\n</div>\r\n</td>'),
(78, 12, 'littleheader', '', ''),
(79, 12, 'content1', '', ''),
(80, 12, 'content2', '', ''),
(81, 12, 'footer', '', ''),
(82, 13, 'content', '\r\n<td id=\"header\" colspan=\"2\" height=\"15%\">\r\n<div id=\"header\">\r\n	<?php include \'header.php\'; ?>\r\n</div>\r\n</td>\r\n</tr>\r\n	<tr>\r\n<td id=\"content1\" valign=\"top\" height=\"37%\" colspan=\"2\">\r\n<div id=\"content1\">\r\n	<?php include \'content1.php\'; ?>\r\n</div>\r\n</td>\r\n</tr>	\r\n<tr>\r\n<td id=\"content3\" valign=\"top\" height=\"30%\">\r\n<div id=\"content3\">\r\n	<?php include \'content3.php\'; ?>\r\n</div>\r\n</td>\r\n<td id=\"content2\" valign=\"top\" height=\"30%\">\r\n<div id=\"content2\">\r\n	<?php include \'content2.php\'; ?>\r\n</div>\r\n</td>\r\n', '\r\n<td id=\"header\"  colspan=\"2\" height=\"15%\">\r\n<div id=\"header\">\r\n	<?php include \'header.php\'; ?>\r\n</div>\r\n</td>\r\n</tr>\r\n	<tr>\r\n<td id=\"content1\" valign=\"top\" height=\"37%\" colspan=\"2\">\r\n<div id=\"content1\">\r\n	<?php include \'content1.php\'; ?>\r\n</div>\r\n</td>\r\n</tr>	\r\n<tr>\r\n<td id=\"content3\" valign=\"top\" height=\"30%\">\r\n<div id=\"content3\">\r\n	<?php include \'content3.php\'; ?>\r\n</div>\r\n</td>\r\n<td id=\"content2\" valign=\"top\" height=\"30%\">\r\n<div id=\"content2\">\r\n	<?php include \'content2.php\'; ?>\r\n</div>\r\n</td>\r\n'),
(83, 13, 'littleheader', '', ''),
(84, 13, 'content1', '', ''),
(85, 13, 'content2', '', ''),
(86, 13, 'content3', '', ''),
(87, 13, 'header', '', ''),
(88, 14, 'content', '<td id=\"content1\" valign=\"top\" rowspan=\"4\">\r\n<div id=\"content1\">\r\n	<?php include \'content1.php\'; ?>\r\n</div>\r\n</td>\r\n', '<td id=\"content1\" valign=\"top\" rowspan=\"4\">\r\n<div id=\"content1\">\r\n	<?php include \'content1.php\'; ?>\r\n</div>\r\n</td>\r\n'),
(89, 14, 'content1', '', ''),
(90, 14, 'header', '', ''),
(91, 14, 'leftbanner', '', ''),
(92, 14, 'leftbanner1', '', '');

--
-- Dökümü yapılmış tablolar için indeksler
--

--
-- Tablo için indeksler `canli_destek`
--
ALTER TABLE `canli_destek`
  ADD PRIMARY KEY (`id`);

--
-- Tablo için indeksler `canli_destek_cevap`
--
ALTER TABLE `canli_destek_cevap`
  ADD PRIMARY KEY (`id`);

--
-- Tablo için indeksler `kompanentler`
--
ALTER TABLE `kompanentler`
  ADD PRIMARY KEY (`id`);

--
-- Tablo için indeksler `kullanicilar`
--
ALTER TABLE `kullanicilar`
  ADD PRIMARY KEY (`id`);

--
-- Tablo için indeksler `sablonlar`
--
ALTER TABLE `sablonlar`
  ADD PRIMARY KEY (`sablon_id`);

--
-- Tablo için indeksler `sablon_altsayfalari`
--
ALTER TABLE `sablon_altsayfalari`
  ADD PRIMARY KEY (`id`);

--
-- Tablo için indeksler `sablon_sayfalari`
--
ALTER TABLE `sablon_sayfalari`
  ADD PRIMARY KEY (`id`);

--
-- Dökümü yapılmış tablolar için AUTO_INCREMENT değeri
--

--
-- Tablo için AUTO_INCREMENT değeri `canli_destek`
--
ALTER TABLE `canli_destek`
  MODIFY `id` int(11) NOT NULL AUTO_INCREMENT, AUTO_INCREMENT=231;

--
-- Tablo için AUTO_INCREMENT değeri `canli_destek_cevap`
--
ALTER TABLE `canli_destek_cevap`
  MODIFY `id` int(11) NOT NULL AUTO_INCREMENT, AUTO_INCREMENT=51;

--
-- Tablo için AUTO_INCREMENT değeri `kompanentler`
--
ALTER TABLE `kompanentler`
  MODIFY `id` int(11) NOT NULL AUTO_INCREMENT, AUTO_INCREMENT=31;

--
-- Tablo için AUTO_INCREMENT değeri `kullanicilar`
--
ALTER TABLE `kullanicilar`
  MODIFY `id` int(11) NOT NULL AUTO_INCREMENT, AUTO_INCREMENT=24;

--
-- Tablo için AUTO_INCREMENT değeri `sablonlar`
--
ALTER TABLE `sablonlar`
  MODIFY `sablon_id` int(200) NOT NULL AUTO_INCREMENT, AUTO_INCREMENT=16;

--
-- Tablo için AUTO_INCREMENT değeri `sablon_altsayfalari`
--
ALTER TABLE `sablon_altsayfalari`
  MODIFY `id` int(11) NOT NULL AUTO_INCREMENT;

--
-- Tablo için AUTO_INCREMENT değeri `sablon_sayfalari`
--
ALTER TABLE `sablon_sayfalari`
  MODIFY `id` int(11) NOT NULL AUTO_INCREMENT, AUTO_INCREMENT=93;
COMMIT;

/*!40101 SET CHARACTER_SET_CLIENT=@OLD_CHARACTER_SET_CLIENT */;
/*!40101 SET CHARACTER_SET_RESULTS=@OLD_CHARACTER_SET_RESULTS */;
/*!40101 SET COLLATION_CONNECTION=@OLD_COLLATION_CONNECTION */;
